,phrase,label,sentiment,subjectivity,language,count
Florida,,,,,,
Atlantic,,,,,,
Caribbean,,,,,,
Philippines,,,,,,
Jamaica,,,,,,
China,,,,,,
Hong Kong,,,,,,
U.S.,,,,,,
Mexico,,,,,,
Taiwan,,,,,,
US,,,,,,
Australia,,,,,,
Cuba,,,,,,
the Atlantic Ocean,,,,,,
California,,,,,,
Vietnam,,,,,,
New England,,,,,,
Myanmar,,,,,,
North Carolina,,,,,,
the Gulf of Mexico,,,,,,
Fla.,,,,,,
Texas,,,,,,
the East Coast,,,,,,
East Coast,,,,,,
Puerto Rico,,,,,,
Canada,,,,,,
Maine,,,,,,
Hurricane Milton,,,,,,
the United States,,,,,,
Madagascar,,,,,,
Queensland,,,,,,
Mayotte,,,,,,
Georgia,,,,,,
Hawaii,,,,,,
Haiti,,,,,,
India,,,,,,
Pacific,,,,,,
Southern California,,,,,,
ORLANDO,,,,,,
Indian Ocean,,,,,,
United States,,,,,,
Gulf Coast,,,,,,
SAN JUAN,,,,,,
Japan,,,,,,
Beijing,,,,,,
Tampa,,,,,,
Miami,,,,,,
Bahamas,,,,,,
Nova Scotia,,,,,,
Baja,,,,,,
Bermuda,,,,,,
Africa,,,,,,
Tampa Bay,,,,,,
Gulf,,,,,,
Guangdong,,,,,,
the Pacific Ocean,,,,,,
Asia,,,,,,
UK,,,,,,
Typhoon Yagi,,,,,,
Laos,,,,,,
America,,,,,,
Acapulco,,,,,,
Alaska,,,,,,
Shenzhen,,,,,,
Southeast Asia,,,,,,
Coral Springs,,,,,,
Southeast,,,,,,
Mauritius,,,,,,
Atlantic Ocean,,,,,,
the Caribbean Sea,,,,,,
Virginia,,,,,,
Orlando,,,,,,
Zelia,,,,,,
South Carolina,,,,,,
South Florida,,,,,,
Maui,,,,,,
HONG KONG,,,,,,
the Indian Ocean,,,,,,
Indonesia,,,,,,
Pacific Ocean,,,,,,
Northern Territory,,,,,,
MIAMI,,,,,,
Barbados,,,,,,
the National Oceanic,,,,,,
Pacific coast,,,,,,
MANILA,,,,,,
Tanzania,,,,,,
Earth,,,,,,
Houston,,,,,,
the Gulf Coast,,,,,,
Caribbean Sea,,,,,,
Los Cabos,,,,,,
Gulf of Mexico,,,,,,
Sarasota,,,,,,
Cebu,,,,,,
Louisiana,,,,,,
the Cayman Islands,,,,,,
the Leeward Islands,,,,,,
MEXICO CITY,,,,,,
Atlantic Canada,,,,,,
Massachusetts,,,,,,
the Dominican Republic,,,,,,
FORT LAUDERDALE,,,,,,
the South Pacific,,,,,,
Black River,,,,,,
Turkey,,,,,,
Vermont,,,,,,
Fort Lauderdale,,,,,,
Western Australia,,,,,,
TAMPA,,,,,,
Western Australia's,,,,,,
SYDNEY,,,,,,
South,,,,,,
Reunion,,,,,,
the North Atlantic,,,,,,
Lahaina,,,,,,
Kenya,,,,,,
Bangladesh,,,,,,
Israel,,,,,,
Typhoon Halong,,,,,,
France,,,,,,
the Coral Sea,,,,,,
west coast,,,,,,
Mozambique,,,,,,
Salt Typhoon,,,,,,
Germany,,,,,,
the 2024 Atlantic,,,,,,
N.C.,,,,,,
Grenada,,,,,,
the Tiwi Islands,,,,,,
Typhoon Haikui,,,,,,
Galveston,,,,,,
U.S,,,,,,
El Niño,,,,,,
PETERSBURG,,,,,,
Pakistan,,,,,,
Floridas Gulf Coast,,,,,,
North Carolina's,,,,,,
Northeast,,,,,,
Yucatan Peninsula,,,,,,
Tallahassee,,,,,,
North Atlantic,,,,,,
Europe,,,,,,
Sri Lanka,,,,,,
the South China Sea,,,,,,
Luzon,,,,,,
New Jersey,,,,,,
Maryland,,,,,,
Washington,,,,,,
Thailand,,,,,,
the Windward Islands,,,,,,
Carolinas,,,,,,
Md.,,,,,,
Oklahoma,,,,,,
east coast,,,,,,
Floridas,,,,,,
Central Florida,,,,,,
Russia,,,,,,
WASHINGTON,,,,,,
the Atlantic basin,,,,,,
Jacksonville,,,,,,
Pilbara,,,,,,
ST.,,,,,,
the Virgin Islands,,,,,,
GENEVA,,,,,,
Azores,,,,,,
San Diego,,,,,,
Tulsa,,,,,,
Delaware,,,,,,
South Africa,,,,,,
BRISBANE,,,,,,
Typhoon Fung-wong,,,,,,
New York,,,,,,
Bacolod,,,,,,
Kimberley,,,,,,
BOSTON,,,,,,
the east coast,,,,,,
ANNAPOLIS,,,,,,
East,,,,,,
Pacific beach,,,,,,
Southern China,,,,,,
The United States,,,,,,
the 2025 Atlantic,,,,,,
Hong Kong's,,,,,,
New York City,,,,,,
St. Vincent,,,,,,
Malawi,,,,,,
Cisco,,,,,,
Brisbane,,,,,,
Malaysia,,,,,,
eastern coast,,,,,,
Verisk,,,,,,
Macau,,,,,,
Dare County,,,,,,
the Northern Territory's,,,,,,
Baja California Peninsula,,,,,,
Hainan,,,,,,
Southwest,,,,,,
Angola,,,,,,
WGA,,,,,,
eastern Africa,,,,,,
the Sunshine State,,,,,,
Chinas,,,,,,
New South Wales,,,,,,
Hanoi,,,,,,
TAIPEI,,,,,,
Tropical Storm Idalia,,,,,,
Hispaniola,,,,,,
NJ,,,,,,
Los Angeles,,,,,,
Chivirico,,,,,,
the Central Atlantic,,,,,,
PARIS,,,,,,
AUGUSTA,,,,,,
Barbuda,,,,,,
earth,,,,,,
BANGKOK,,,,,,
Emerald Isle,,,,,,
Magic Kingdom,,,,,,
NEW YORK,,,,,,
Typhoon Krathon,,,,,,
New Orleans,,,,,,
Colorado,,,,,,
AUSTRALIA,,,,,,
the Caroline Islands,,,,,,
the Northern Hemisphere,,,,,,
Terengganu,,,,,,
Bengal,,,,,,
BACOLOD CITY,,,,,,
Aurora,,,,,,
Ukraine,,,,,,
Windward Islands,,,,,,
Fujian province,,,,,,
Brazil,,,,,,
South Texas,,,,,,
Sumatra,,,,,,
Michigan,,,,,,
Rhode Island,,,,,,
Southeast coast,,,,,,
Hong Kong’s,,,,,,
Milton,,,,,,
North America,,,,,,
Manila,,,,,,
the Eastern Seaboard,,,,,,
Arctic,,,,,,
Big Island,,,,,,
Bacolod City,,,,,,
Charleston,,,,,,
Mississippi,,,,,,
Mediterranean,,,,,,
Libya,,,,,,
Typhoon Ragasa,,,,,,
Central America,,,,,,
The Atlantic Ocean,,,,,,
Mexicos Pacific coast,,,,,,
GALVESTON,,,,,,
Zhuhai,,,,,,
TALLAHASSEE,,,,,,
the US South,,,,,,
ATLANTA,,,,,,
USA,,,,,,
the Pacific Coast,,,,,,
Dominican Republic,,,,,,
Hurricane Melissa,,,,,,
Asheville,,,,,,
Austria,,,,,,
NYC,,,,,,
the West Coast,,,,,,
the Northern Territory,,,,,,
Tropical Storm Dexter,,,,,,
New Brunswick,,,,,,
ASHEVILLE,,,,,,
The National Oceanic,,,,,,
Cape Cod,,,,,,
CORAL SPRINGS,,,,,,
San Francisco,,,,,,
St. Pete Beach,,,,,,
eastern Canada,,,,,,
Marystown,,,,,,
West Bengal,,,,,,
Uwan,,,,,,
Guangdong province,,,,,,
Eastport,,,,,,
the Yucatan Peninsula,,,,,,
NEW DELHI,,,,,,
the United States National Hurricane Center,,,,,,
Veracruz,,,,,,
Atlantic Canada',,,,,,
North Carolina Beach,,,,,,
Yangjiang,,,,,,
Eastern Seaboard,,,,,,
Mexicos,,,,,,
HOUSTON,,,,,,
CAPE TOWN,,,,,,
Wisconsin,,,,,,
Tamil Nadu,,,,,,
Carib,,,,,,
North Carolinas,,,,,,
US East Coast,,,,,,
South East Asia,,,,,,
Horseshoe Beach,,,,,,
Chennai,,,,,,
Comoros,,,,,,
Gaza,,,,,,
Bradenton,,,,,,
Tennessee,,,,,,
NY,,,,,,
Shanghai,,,,,,
Tropical,,,,,,
Northern Australia,,,,,,
Baja California,,,,,,
Gujarat,,,,,,
South-East Asia,,,,,,
BARNET,,,,,,
HORSESHOE BEACH,,,,,,
Asia-Pacific,,,,,,
Prague,,,,,,
the Tampa Bay,,,,,,
Virgin Islands,,,,,,
Ankara,,,,,,
Calif.,,,,,,
Macao,,,,,,
Hurricane Milton's,,,,,,
Vt,,,,,,
Iowa,,,,,,
North,,,,,,
Cagayan,,,,,,
Luftwaffe,,,,,,
Osaka,,,,,,
Typhoon Wipha,,,,,,
Tropical Storm,,,,,,
Volt Typhoon,,,,,,
the Gulf of Maine,,,,,,
Gulf coast,,,,,,
Singapore,,,,,,
the Middle East,,,,,,
Kwigillingok,,,,,,
Spain,,,,,,
a Tropical Storm,,,,,,
Dallas,,,,,,
Reunion Island,,,,,,
North Carolina’s,,,,,,
Kutch,,,,,,
the Arabian Sea,,,,,,
the East Pacific,,,,,,
Brevard,,,,,,
East Pacific,,,,,,
HANOI,,,,,,
Kentucky,,,,,,
Montego Bay,,,,,,
CUBA,,,,,,
East Asia,,,,,,
Liloan,,,,,,
Nairobi,,,,,,
Jamaicas,,,,,,
Atlantic Basin,,,,,,
UNICEF,,,,,,
Miami Hurricanes,,,,,,
Ohio,,,,,,
Maritimes,,,,,,
Islamabad,,,,,,
Britain,,,,,,
Providence,,,,,,
Tropical Storm Milton,,,,,,
the Atlantic hurricane,,,,,,
East Pakistan,,,,,,
the southwest Gulf,,,,,,
the southwestern Gulf of Mexico,,,,,,
MEXICO,,,,,,
LABRADOR,,,,,,
Sydney,,,,,,
Carriacou Island,,,,,,
TOKYO,,,,,,
the Pacific Coast of Central America,,,,,,
miami,,,,,,
Dinalungan,,,,,,
the Southeastern United States,,,,,,
the Cabo Verde Islands,,,,,,
Honshu,,,,,,
BAR HARBOR,,,,,,
Belem,,,,,,
Tropical Storm Erin,,,,,,
The North Atlantic,,,,,,
the Florida Peninsula,,,,,,
Far North Queensland,,,,,,
eastern Caribbean Sea,,,,,,
Réunion Island,,,,,,
Bualoi,,,,,,
Superstorm Sandy,,,,,,
Big Bend,,,,,,
INDIAN ROCKS BEACH,,,,,,
Malacañang,,,,,,
Warm Atlantic Ocean,,,,,,
the Central Pacific,,,,,,
Fiji,,,,,,
Treasure Beach,,,,,,
the Ohio Valley,,,,,,
Vanuatu,,,,,,
Southeast U.S.,,,,,,
Path,,,,,,
landfalling Atlantic,,,,,,
Sadbhav,,,,,,
the eastern Pacific,,,,,,
the far east,,,,,,
NC,,,,,,
Seroja,,,,,,
"Southern California02:02
",,,,,,
St. Catharines,,,,,,
Ont.,,,,,,
the Florida Panhandle,,,,,,
the Southern U.S.,,,,,,
St. Lucia,,,,,,
Zhejiang Province,,,,,,
OceanX,,,,,,
Ontario,,,,,,
La Castellana,,,,,,
Dungun,,,,,,
Batanes,,,,,,
Neb.,,,,,,
LISMORE,,,,,,
Chile,,,,,,
Goolwa Beach,,,,,,
Guam,,,,,,
South Australia,,,,,,
Hainan Island,,,,,,
New Delhi,,,,,,
mid-Atlantic Coast,,,,,,
Tropical Storm Harold,,,,,,
Wipha,,,,,,
Lismore,,,,,,
the Gulf through Orlando,,,,,,
FLORIDA,,,,,,
Cortez,,,,,,
Cabo,,,,,,
the Bay of Bengal,,,,,,
Appalachia,,,,,,
the Gulf of Carpentaria,,,,,,
Edmonton,,,,,,
the East Coas…,,,,,,
the Polar Vortex,,,,,,
Everglades,,,,,,
Sri Lanka's,,,,,,
Townsville,,,,,,
PORT LOUIS,,,,,,
Coral Sea,,,,,,
La Reunion,,,,,,
MAURITIUS,,,,,,
Cocoa Beach,,,,,,
St. Petersburg,,,,,,
Lake Michigan,,,,,,
Union Island,,,,,,
Pescadores,,,,,,
Port Washington,,,,,,
Palm Beach County,,,,,,
Penghu,,,,,,
Atlantic Hurricanes,,,,,,
Kaohsiung,,,,,,
Sputnik,,,,,,
San Juan,,,,,,
Gaza City,,,,,,
Katrina,,,,,,
Boston,,,,,,
Pottuvil,,,,,,
Typhoon Lagoon,,,,,,
Vt.,,,,,,
Rakhine State of Myanmar,,,,,,
Fujian,,,,,,
Tropical Cyclone Chido,,,,,,
Typhoon Egay,,,,,,
Baton Rouge,,,,,,
Little Cayman,,,,,,
Boone,,,,,,
Treasure Island,,,,,,
Main Development Region,,,,,,
Swannanoa,,,,,,
CHICAGO,,,,,,
Central Gulf Coast,,,,,,
Toronto,,,,,,
Inami,,,,,,
D.C.,,,,,,
the Gulf of California,,,,,,
Rodanthe,,,,,,
Atlanti,,,,,,
Yucatan,,,,,,
Cayman Islands,,,,,,
Fort Myers,,,,,,
the WGA West,,,,,,
IRVINE,,,,,,
Typhoon Yinxing,,,,,,
Hurricane Sandy,,,,,,
the Top End coast,,,,,,
Portugal,,,,,,
ACAPULCO,,,,,,
Clermont,,,,,,
Caicos Islands,,,,,,
COMOROS,,,,,,
the Southern United States,,,,,,
Hurricane Beryl,,,,,,
South China,,,,,,
west,,,,,,
the Carolina Hurricanes,,,,,,
Siesta Key,,,,,,
Typhoon Saola,,,,,,
U.S. East Coast,,,,,,
the Northeastern United States,,,,,,
FORT MYERS,,,,,,
Fort Worth,,,,,,
Long Island,,,,,,
Volcano Bay,,,,,,
HONOLULU,,,,,,
Tokyo,,,,,,
Midwest,,,,,,
ST PETERSBURG,,,,,,
East Africa,,,,,,
Australias Northern Territory,,,,,,
the Lesser Antilles,,,,,,
Typh,,,,,,
NSW,,,,,,
Andhra Pradesh,,,,,,
L.A.,,,,,,
Visayas,,,,,,
Newfoundland,,,,,,
Atlanta,,,,,,
Progreso,,,,,,
Dry Creek,,,,,,
Catalina Island,,,,,,
PATUXENT RIVER,,,,,,
Jakarta,,,,,,
the Grenadine Islands,,,,,,
Franklin,,,,,,
Tobago,,,,,,
West Coast,,,,,,
"Barbados, Grenada",,,,,,
Eastern Pacific,,,,,,
Réunion,,,,,,
Czech Republic,,,,,,
the Southwest United States,,,,,,
Sarasota County,,,,,,
South Carolina's,,,,,,
Aegean,,,,,,
Bondi Beach,,,,,,
New Zealand,,,,,,
Carolina,,,,,,
El Salvador,,,,,,
Pacífico,,,,,,
Chicago,,,,,,
GUADALAJARA,,,,,,
Awatuna,,,,,,
et al,,,,,,
Beira,,,,,,
Hollywood,,,,,,
Nadma,,,,,,
JUNEAU,,,,,,
Afghanistan,,,,,,
Milan,,,,,,
the U.S. Southeast,,,,,,
Moreton Bay,,,,,,
Tropical Storm Chantal,,,,,,
Dublin,,,,,,
Great Lakes,,,,,,
Ireland,,,,,,
ISLAMABAD,,,,,,
Auckland,,,,,,
Santo Domingo,,,,,,
Albania,,,,,,
Greece,,,,,,
Samaritan,,,,,,
Venezuela,,,,,,
Holguin,,,,,,
Lake,,,,,,
china,,,,,,
West Palm Beach,,,,,,
Phoenix,,,,,,
Cape Coral,,,,,,
Yukon-Kuskokwim Delta,,,,,,
the Windward Island,,,,,,
BATON ROUGE,,,,,,
Erdogan,,,,,,
POZA RICA,,,,,,
Akiak,,,,,,
Kipnuk,,,,,,
Qatar,,,,,,
Typhoon Halong Historic,,,,,,
batters East Coast,,,,,,
Poza Rica,,,,,,
Western Alaskas,,,,,,
Wellington,,,,,,
Alaska Native,,,,,,
Typhoon Halong's,,,,,,
the Southeastern U.S.,,,,,,
Valley,,,,,,
Kolkata,,,,,,
Marco Island,,,,,,
superma,,,,,,
OpenAI,,,,,,
Hong Kong … Hong Kong,,,,,,
Hong Kongs,,,,,,
HONG KONG Streets,,,,,,
SHENZHEN,,,,,,
Taiwa,,,,,,
the Northern Atlantic,,,,,,
Wedn,,,,,,
Tropical Storm Humberto,,,,,,
Thursda,,,,,,
Southeastern coast,,,,,,
Myrtle Beach Hurricane,,,,,,
Opong,,,,,,
Naples,,,,,,
Bay of Bengal,,,,,,
Binan,,,,,,
Guangzhou,,,,,,
Next Atlantic,,,,,,
expe,,,,,,
Tropical Storm Fernand,,,,,,
Typhoon Kajiki,,,,,,
eastern Pacific,,,,,,
Guinea,,,,,,
GEORGIA,,,,,,
Augusta,,,,,,
Track,,,,,,
Hong Kong Grounds Flights,,,,,,
Gabrielle,,,,,,
Central Atlantic,,,,,,
Guangdong Province,,,,,,
Taiwanese Island,,,,,,
Orchid Island,,,,,,
Dela Paz,,,,,,
Laguna province,,,,,,
Alaskas,,,,,,
Typhoon Matmo,,,,,,
San Francisco's,,,,,,
West Pacific,,,,,,
Southwest US,,,,,,
Colo.,,,,,,
FORT COLLINS,,,,,,
Korea,,,,,,
Puerto Vallarta,,,,,,
New Mexico,,,,,,
Desert Southwest,,,,,,
the Desert Southwest,,,,,,
SAN JUAN COUNTY,,,,,,
NEW MEXICO,,,,,,
Western Alaska,,,,,,
Last Frontier,,,,,,
Batters East Coast,,,,,,
Hurricane Florence,,,,,,
the Tennessee River,,,,,,
the Southeast US,,,,,,
LOUISVILLE,,,,,,
Atlantic Ocean Meteorologists,,,,,,
Brush Caribbean Beaches,,,,,,
Southeast US,,,,,,
DC,,,,,,
Imelda,,,,,,
AUSTIN,,,,,,
KXAN,,,,,,
Tropical Storm Imelda,,,,,,
Appalachian,,,,,,
ERWIN,,,,,,
Tenn.,,,,,,
the Nolichucky River,,,,,,
Storm Bualoi,,,,,,
Ibiza,,,,,,
Formentera,,,,,,
Doha,,,,,,
Hurricane Idalia,,,,,,
Istanbul,,,,,,
Patagonia,,,,,,
Inner Circle,,,,,,
Ky,,,,,,
Cozad,,,,,,
Steinbrenner Field,,,,,,
Indias Gujarat,,,,,,
JAMAICA,,,,,,
Tropical Cyclone Fina,,,,,,
Arnhem Land,,,,,,
Chilean Patagonia,,,,,,
The Northern Territory,,,,,,
Western Jamaica,,,,,,
Tiwi Islands,,,,,,
West Arnhem Land,,,,,,
The Tiwi Islands,,,,,,
Typhoon Mawar,,,,,,
Austin Peay,,,,,,
Edinburgh,,,,,,
the Atlantic Oceanand,,,,,,
the Van Diemen Gulf,,,,,,
Family.2025.S01E13.720p,,,,,,
Florida Neighborhood,,,,,,
Ottawa,,,,,,
stor… Jamaica,,,,,,
the aurora borealis,,,,,,
Mindanao,,,,,,
Supertyphoon Approaches,,,,,,
Luzon Island,,,,,,
Mountain,,,,,,
Phillippines,,,,,,
the Amazon River,,,,,,
Amazon,,,,,,
LAKE SUPERIOR,,,,,,
Karachi,,,,,,
SPRINGS,,,,,,
Central Asia,,,,,,
the South East Asian,,,,,,
Tuguegarao City,,,,,,
sa,,,,,,
X5.1,,,,,,
South America,,,,,,
Yilan,,,,,,
the Deep South,,,,,,
sightings,,,,,,
Bay,,,,,,
far north coastline,,,,,,
threesystem,,,,,,
Port Hedland,,,,,,
Villem,,,,,,
Northern Hemisphere,,,,,,
Norfolk,,,,,,
Northeast Pacifi,,,,,,
Nepal,,,,,,
Evanston,,,,,,
"Typhoon Lagoon
",,,,,,
Interstate 95,,,,,,
Dakota,,,,,,
PETIT GOAVE,,,,,,
BOONE,,,,,,
Stillwater,,,,,,
Oklahoma State,,,,,,
Disney Typhoon Lagoon,,,,,,
Denpasar,,,,,,
Americas,,,,,,
Dire Straits,,,,,,
Statesville,,,,,,
Elizabeth City,,,,,,
London,,,,,,
Camp Osborn,,,,,,
Western Australi,,,,,,
Malacca,,,,,,
Silicon Valley,,,,,,
Atlantic City,,,,,,
Tulcea County,,,,,,
N.S.,,,,,,
Okinawa,,,,,,
the Malacca Strait,,,,,,
the South China Sea Read,,,,,,
"the South China Sea
",,,,,,
Oldeconomybuy,,,,,,
Connecticut,,,,,,
Indonesias Sumatra,,,,,,
Geneva,,,,,,
Viet Nam,,,,,,
World Meteo…,,,,,,
Miss.,,,,,,
Western Cuba,,,,,,
Havana,,,,,,
the Philippine Sea,,,,,,
Strait,,,,,,
Typhoon Uwan,,,,,,
Gia Lai province,,,,,,
Kuwait,,,,,,
SANTIAGO DE CUBA,,,,,,
the Republic of Türkiye,,,,,,
the Atlantic Hurrican,,,,,,
New Hope,,,,,,
Little Jamaica,,,,,,
Jamaicas southwest,,,,,,
Valencia,,,,,,
BAHAMAS,,,,,,
recordis,,,,,,
Jamaic,,,,,,
Mandeville,,,,,,
Cambodia,,,,,,
St. Elizabeth,,,,,,
the Bahamas Octo,,,,,,
Island,,,,,,
Yunnan Province,,,,,,
Sea,,,,,,
Quinhagak,,,,,,
Viet Nam’s,,,,,,
Halong,,,,,,
Qui,,,,,,
the Republic of Türkiye,,,,,,
the United Kingdom,,,,,,
Tripadvisor,,,,,,
Southern U.S.,,,,,,
Tropical Storm Melissa,,,,,,
CARIBBEAN,,,,,,
Hispaniola SAN JUAN,,,,,,
the Dominican Republic’s,,,,,,
the Blue Ridge,,,,,,
the Central Caribbean Sea,,,,,,
Guantanamo Bay,,,,,,
Guantánamo Bay,,,,,,
Hispan,,,,,,
Sunshine State,,,,,,
the Dominican Republic …,,,,,,
Melissas,,,,,,
the Western Atlantic,,,,,,
Kingston,,,,,,
Florida Everglades,,,,,,
the Lucayan Archipelago,,,,,,
Ankara ANKARA,,,,,,
Türkiye,,,,,,
United … New,,,,,,
Puerto Rico’s,,,,,,
U.K.,,,,,,
Caribbean COCONUT CREEK,,,,,,
Native Alaska,,,,,,
Typhoon Kalmaegi,,,,,,
Typhoon Kalmaegis,,,,,,
Antarctic glacier's,,,,,,
the Antarctic Peninsula,,,,,,
Hektoria glacier,,,,,,
Antarctic,,,,,,
MONTEGO BAY,,,,,,
Mayorga,,,,,,
Caribbean Leeward,,,,,,
Panama,,,,,,
Woodside,,,,,,
Queens,,,,,,
New York City’s,,,,,,
New York Citys,,,,,,
Cebu City,,,,,,
St. Marys,,,,,,
East Sea,,,,,,
the Miami Hurricanes,,,,,,
Stung Treng,,,,,,
the Yukon-Kuskokwim Delta,,,,,,
Westmoreland Parish,,,,,,
Caribbean islands,,,,,,
Whitehouse,,,,,,
BLACK RIVER,,,,,,
"Northeast
",,,,,,
COCONUT CREEK,,,,,,
Longwood,,,,,,
Argentina,,,,,,
Cienfuegos,,,,,,
Black River Market,,,,,,
Niagara,,,,,,
the North Atlantic - Yale Climate Connections,,,,,,
OMAHA,,,,,,
North Car NORTH CAROLINA,,,,,,
Puerto Rico's,,,,,,
KINGSTON,,,,,,
St. Elizabeth …,,,,,,
NEW HOLLAND,,,,,,
ST,,,,,,
Bowie,,,,,,
Six Flags America,,,,,,
Westmoreland,,,,,,
Erin,,,,,,
Sichuan,,,,,,
NORTH CAROLINA,,,,,,
IMPERIAL BEACH,,,,,,
Southeastern,,,,,,
the United S,,,,,,
CALIFORNIA,,,,,,
Tacloban,,,,,,
UNITED STATES - AUGUST,,,,,,
Namibia,,,,,,
North Queensland,,,,,,
LNG,,,,,,
Eurovision,,,,,,
northern coast,,,,,,
La Quebrada,,,,,,
Perth,,,,,,
McArthur River,,,,,,
Borroloola,,,,,,
VIC,,,,,,
WA,,,,,,
Northern Madagascar,,,,,,
Greenbelt MD,,,,,,
San Luis Obispo County,,,,,,
SLO County,,,,,,
Rosslea,,,,,,
Lake Charles,,,,,,
lan… BRISBANE,,,,,,
San Diego County,,,,,,
Click2Houston Tropical,,,,,,
Dhaka,,,,,,
Chittagong,,,,,,
Dhaka Bangladesh,,,,,,
Maldives,,,,,,
Torrential,,,,,,
Andhra,,,,,,
"the
Pacific",,,,,,
DUBAI,,,,,,
the north east,,,,,,
Las Vegas,,,,,,
Southern,,,,,,
Tropical Storm Emily,,,,,,
the southwest Indian Ocean,,,,,,
Port Louis,,,,,,
Tijuana,,,,,,
Blackouts Across Europe,,,,,,
Imperial Beach,,,,,,
Tropical Cyclo… BRISBANE,,,,,,
flo…,,,,,,
Dar es Salaam,,,,,,
Ke… Dar es Salaam,,,,,,
TULUM,,,,,,
North Atlantic Ocean,,,,,,
Austin,,,,,,
Missouri,,,,,,
Illinois,,,,,,
Indiana,,,,,,
Saint Vincent,,,,,,
South West,,,,,,
NH,,,,,,
MARSHFIELD,,,,,,
Barnet,,,,,,
the Greater Antilles,,,,,,
Matlacha,,,,,,
the eastern Gulf of Mexico,,,,,,
Debby,,,,,,
Tropical Storm Debby,,,,,,
Warm Gulf,,,,,,
Cedar Key,,,,,,
Florida Beaches,,,,,,
coke ashore,,,,,,
Tulum,,,,,,
WMO,,,,,,
the National Ocean,,,,,,
National Oceanic,,,,,,
the Southwestern United States,,,,,,
Central,,,,,,
Aventura,,,,,,
Biden,,,,,,
the West Indies,,,,,,
Catego,,,,,,
Dominica,,,,,,
the Colorado River,,,,,,
Martinique,,,,,,
Los Angeles County,,,,,,
the southeast Caribbean,,,,,,
First Atlantic Hurricane,,,,,,
Ocean,,,,,,
Carriacou island,,,,,,
Caribbean island,,,,,,
Middle East,,,,,,
Atlantic season's,,,,,,
Cayman,,,,,,
San Bernardino,,,,,,
SANTO DOMINGO,,,,,,
Acapulcos,,,,,,
East Coast Hurricane Erin,,,,,,
the Mediterranean Sea,,,,,,
Southeast beaches,,,,,,
Jose,,,,,,
fina,,,,,,
Rhode,,,,,,
Chinas Guangdong,,,,,,
LEOMINSTER,,,,,,
Mass.,,,,,,
Southern China Megacities,,,,,,
Derna,,,,,,
Paris,,,,,,
Spitfire,,,,,,
H…,,,,,,
the west Atlantic,,,,,,
the Southeast United States,,,,,,
Down City,,,,,,
the Gulf of Mexi… PATUXENT RIVER,,,,,,
Hong Kong Shuts,,,,,,
Maine BAR HARBOR,,,,,,
the Gulf of …,,,,,,
PORTLAND,,,,,,
the Atlantic Coast,,,,,,
Leeward Islands,,,,,,
Guangxi,,,,,,
Northern Caribbean,,,,,,
The Northern Hemisphere's,,,,,,
the U.S. Virgin Islands,,,,,,
Tropical Storm Margot,,,,,,
accor,,,,,,
the British Virgin Islands,,,,,,
Sunda,,,,,,
Leeward Island,,,,,,
Shizuoka,,,,,,
Chiba,,,,,,
Hong,,,,,,
Kong,,,,,,
the Atlantic ocean,,,,,,
Trop,,,,,,
the Coast of Baja,,,,,,
Taitung,,,,,,
west northwest,,,,,,
the Atlantic Basin,,,,,,
San Diego Coast,,,,,,
Leeward… SAN JUAN,,,,,,
northeast United States,,,,,,
New...,,,,,,
Halifax,,,,,,
Affect Leeward Islands,,,,,,
Impact Baja,,,,,,
Kent,,,,,,
Scotland,,,,,,
Cabo San Lucas,,,,,,
the Sea of Cortez,,,,,,
Floridas west coast,,,,,,
the Steinhatchee River,,,,,,
Steinhatchee,,,,,,
the northeast Pacific,,,,,,
the northwest Atlantic,,,,,,
Baggao,,,,,,
Taipei,,,,,,
Pagasa,,,,,,
Mexicos Pacific beach,,,,,,
Hama,,,,,,
NZ,,,,,,
the Mississippi River,,,,,,
the Pacific coast,,,,,,
Death Valley,,,,,,
the Pacific Northwest,,,,,,
Southwest Florida,,,,,,
Maine Atlantic,,,,,,
Fla,,,,,,
Nova Scotia's,,,,,,
Lawrencetown Beach,,,,,,
Super Typhoon Saola,,,,,,
Bar Harbor,,,,,,
SINGAPORE,,,,,,
southeast coast,,,,,,
Nigel,,,,,,
lan… Hong Kong,,,,,,
Tarpon Springs,,,,,,
SOUTH CAROLINA,,,,,,
Cape Hatteras,,,,,,
Drench Atlantic States,,,,,,
South Carol,,,,,,
Floridas gulf,,,,,,
Fenwick Island,,,,,,
gulf coast,,,,,,
Wis.,,,,,,
North Carolina Coast,,,,,,
the East Sea,,,,,,
Hoa B…,,,,,,
Tropical Storm Francine,,,,,,
METAIRIE,,,,,,
the Adelaide Hills,,,,,,
Sunshine Coast,,,,,,
Eastern Australia,,,,,,
Queenslan,,,,,,
Cape Race,,,,,,
Eastern Coast,,,,,,
the North Atlantic Ocean,,,,,,
Hawaii`s Big Island,,,,,,
Victoria,,,,,,
SA,,,,,,
Outback Queensland,,,,,,
La.,,,,,,
North Stradbroke,,,,,,
Minjerribah,,,,,,
Moreton,,,,,,
the Tweed Valley,,,,,,
the Kimberley coast,,,,,,
Berkeley River,,,,,,
Cockatoo Island,,,,,,
Lismore NSW,,,,,,
New South Waleswould,,,,,,
the Gold Coast,,,,,,
MELBOURNE,,,,,,
French Indian Ocean,,,,,,
the Wide Bay region,,,,,,
HAVANA,,,,,,
the U.S. Gulf,,,,,,
Northern China,,,,,,
Typhoon Doksuri,,,,,,
Metro Manila,,,,,,
Mada,,,,,,
FRANCE,,,,,,
Barrow Island,,,,,,
Ningaloo,,,,,,
the Gulf of Carperntaria,,,,,,
Rizal,,,,,,
Broome,,,,,,
Australian Coast,,,,,,
West Australia's,,,,,,
sydney,,,,,,
Whim Creek,,,,,,
Po…,,,,,,
Australias west coast,,,,,,
Great Northern Highwa,,,,,,
Resort Island,,,,,,
Iran,,,,,,
Guatemala,,,,,,
St. Martin,,,,,,
Sint Maarten,,,,,,
Puerto Rico Erin,,,,,,
the United States East Coast,,,,,,
Hawaii County,,,,,,
Hatteras Island,,,,,,
DARE COUNTY,,,,,,
Va.,,,,,,
Central NC,,,,,,
Hurricane Erin,,,,,,
Germanys,,,,,,
the Big Island,,,,,,
South…,,,,,,
Hyde County,,,,,,
Coney Island,,,,,,
USNPR N.C.,,,,,,
Tri-State,,,,,,
the Atlantic Ocean’s,,,,,,
Cape Verde hurricanes,,,,,,
the Atlantic Oceans,,,,,,
St. Barthelemy,,,,,,
Anguilla,,,,,,
Zihuatanejo,,,,,,
the Northern Leeward Islands,,,,,,
Manzanillo,,,,,,
Eastern Pacific Ocean,,,,,,
the Gulf's Bay of Campeche,,,,,,
Tuxpan,,,,,,
Tropical Storm Barry,,,,,,
the southeast coast,,,,,,
Drench Gulf Coast,,,,,,
Alabama,,,,,,
Mac,,,,,,
Fort Myers Beach,,,,,,
Jordan,,,,,,
the Gulf inland,,,,,,
"Pacific
",,,,,,
Lee County,,,,,,
South Carolin,,,,,,
the Eastern United States,,,,,,
Dexter,,,,,,
East CoastTropical Storm Dexter,,,,,,
Pensacola,,,,,,
Latin America &amp,,,,,,
BEIJING,,,,,,
east Asia,,,,,,
the Iberian Peninsula,,,,,,
NEW ORLEANS,,,,,,
ORLEAN,,,,,,
Tennessee Valley,,,,,,
the Tennessee Valley,,,,,,
MYRTLE BEACH,,,,,,
S.C.,,,,,,
U.S.A.,,,,,,
Floridas Big Bend,,,,,,
Southeast ASHEVILLE,,,,,,
The East Coast,,,,,,
McDill AFB,,,,,,
BREVARD COUNTY,,,,,,
the Pacific region,,,,,,
Okeechobee City,,,,,,
Nara city,,,,,,
Khaosiung,,,,,,
Typhoon Krathon…,,,,,,
Pingtung county,,,,,,
Florida Peninsula,,,,,,
the Aucilla River,,,,,,
Apalachee Bay,,,,,,
the Tampa Bay Area,,,,,,
recor,,,,,,
U.S. Southwest,,,,,,
Mexicos Pacific,,,,,,
Arizona,,,,,,
Accor,,,,,,
Yangon,,,,,,
Lao… Yangon,,,,,,
landsli,,,,,,
southeast Asia,,,,,,
Sinaloa,,,,,,
Sa…,,,,,,
La…,,,,,,
Southeast Asia's,,,,,,
Southeast A…,,,,,,
Typhoon Yagi's,,,,,,
SE Asia,,,,,,
SanitationThe,,,,,,
Mandalay,,,,,,
Pacific island,,,,,,
Palau,,,,,,
Kobe,,,,,,
the Gulf of Mexic,,,,,,
Belize,,,,,,
Floridacausing,,,,,,
Latin America,,,,,,
Anna Maria Island,,,,,,
Western Florida,,,,,,
Stuart,,,,,,
Lahain,,,,,,
Magic Kingdom Sells Out Weekend Reservations,,,,,,
Hurrican,,,,,,
Haleakala,,,,,,
The Hebei province,,,,,,
Hillsborough County,,,,,,
Blue Ridge Mountain,,,,,,
NORTH CAROLINA - SEPTEMBER,,,,,,
3rd Congressional District,,,,,,
Caicos,,,,,,
St. Augustine,,,,,,
Casper Planet,,,,,,
St Augustine,,,,,,
Project,,,,,,
Augus,,,,,,
the Western Caribbean,,,,,,
St. Petersburg Area,,,,,,
Fe,,,,,,
Sarasota Country,,,,,,
The United States (US,,,,,,
Typhoon Julian,,,,,,
Atlantic Canada ',,,,,,
Florida Gulf,,,,,,
United S,,,,,,
RATON,,,,,,
FL,,,,,,
the Gulf Of Mexico,,,,,,
the Southernmost Point Buoy,,,,,,
Key West,,,,,,
North Carolina Family,,,,,,
Typhoon Approaches Japan,,,,,,
"Hurricane Milton Destroys Homes,",,,,,,
Jupiter,,,,,,
U.S. South,,,,,,
Great Plains,,,,,,
St Petersburg,,,,,,
North and South America,,,,,,
Universal Orlando,,,,,,
Oregon,,,,,,
