,phrase,label,sentiment,subjectivity,language,count,gnd,geonames,geotype,latitude,longitude,continent,country,ipcc
Florida,Florida,GPE,-0.01471035,0.46823664,en,486.00000000,,0,,,,,,
Atlantic,Atlantic,LOC,0.05739076,0.47149218,en,327.10000000,,0,,,,,,
Jamaica,Jamaica,GPE,-0.04645896,0.61257959,en,294.90000000,,0,,,,,,
Philippines,Philippines,GPE,-0.03640911,0.43500470,en,273.60000000,,0,,,,,,
Caribbean,Caribbean,LOC,-0.03988369,0.60807936,en,234.30000000,,0,,,,,,
Hong Kong,Hong Kong,GPE,0.14461502,0.50461442,en,125.90000000,,0,,,,,,
Australia,Australia,GPE,0.00165289,0.47628743,en,102.60000000,,0,,,,,,
U.S.,U.S.,GPE,-0.01823078,0.57619645,en,102.10000000,,0,,,,,,
China,China,GPE,0.09732931,0.43684178,en,101.20000000,,0,,,,,,
Cuba,Cuba,GPE,-0.00492473,0.45331362,en,97.60000000,,0,,,,,,
Vietnam,Vietnam,GPE,-0.02613227,0.38501844,en,96.70000000,,0,,,,,,
Myanmar,Myanmar,GPE,-0.06014687,0.43081037,en,93.60000000,,0,,,,,,
Taiwan,Taiwan,GPE,0.02742296,0.45248843,en,91.90000000,,0,,,,,,
US,US,GPE,-0.02566086,0.43394075,en,83.60000000,,0,,,,,,
Mexico,Mexico,GPE,-0.00981384,0.42734201,en,81.90000000,,0,,,,,,
the Gulf of Mexico,the Gulf of Mexico,LOC,0.00726686,0.45397613,en,71.90000000,,0,,,,,,
the Atlantic Ocean,the Atlantic Ocean,LOC,0.01123093,0.52759362,en,51.50000000,,0,,,,,,
Fla.,Fla.,GPE,-0.02434949,0.43111845,en,51.30000000,,0,,,,,,
Texas,Texas,GPE,0.01826882,0.39649639,en,51.00000000,,0,,,,,,
North Carolina,North Carolina,GPE,-0.08340129,0.56705644,en,47.80000000,,0,,,,,,
Hurricane Milton,Hurricane Milton,GPE,-0.01505221,0.47601811,en,47.30000000,,0,,,,,,
the United States,the United States,GPE,0.12829452,0.64146632,en,36.30000000,,0,,,,,,
Mayotte,Mayotte,GPE,-0.09069156,0.37630659,en,35.70000000,,0,,,,,,
Madagascar,Madagascar,GPE,-0.08358663,0.16717325,en,32.90000000,,0,,,,,,
Haiti,Haiti,GPE,-0.09890561,0.57670092,en,32.10000000,,0,,,,,,
Queensland,Queensland,GPE,0.08430352,0.51388377,en,31.70000000,,0,,,,,,
East Coast,East Coast,LOC,-0.03138549,0.58052191,en,30.80000000,,0,,,,,,
Indian Ocean,Indian Ocean,LOC,-0.03353659,0.27001065,en,28.70000000,,0,,,,,,
the East Coast,the East Coast,LOC,-0.07189914,0.62994048,en,27.10000000,,0,,,,,,
Bahamas,Bahamas,GPE,-0.02511914,0.43590107,en,22.80000000,,0,,,,,,
India,India,GPE,-0.10436993,0.22019437,en,22.00000000,,0,,,,,,
Tampa Bay,Tampa Bay,LOC,0.05483323,0.58501082,en,22.00000000,,0,,,,,,
Pacific,Pacific,LOC,0.07412894,0.44878297,en,21.60000000,,0,,,,,,
Tampa,Tampa,GPE,-0.22502380,0.58791970,en,21.40000000,,0,,,,,,
Gulf Coast,Gulf Coast,LOC,0.01034327,0.45534411,en,20.90000000,,0,,,,,,
California,California,GPE,0.05016652,0.34895147,en,20.70000000,,0,,,,,,
Typhoon Yagi,Typhoon Yagi,LOC,-0.01310892,0.59523810,en,20.30000000,,0,,,,,,
Puerto Rico,Puerto Rico,GPE,-0.15672804,0.66750600,en,19.90000000,,0,,,,,,
Laos,Laos,GPE,-0.02289858,0.28966804,en,19.90000000,,0,,,,,,
ORLANDO,ORLANDO,GPE,0.02560403,0.40163190,en,19.90000000,,0,,,,,,
Miami,Miami,GPE,-0.02316951,0.40820258,en,19.70000000,,0,,,,,,
Gulf,Gulf,LOC,0.00292850,0.33570560,en,19.10000000,,0,,,,,,
UK,UK,GPE,0.17623743,0.51428266,en,18.90000000,,0,,,,,,
Georgia,Georgia,GPE,0.02210488,0.47545230,en,18.60000000,,0,,,,,,
Southeast Asia,Southeast Asia,LOC,-0.08562096,0.55390705,en,17.80000000,,0,,,,,,
Coral Springs,Coral Springs,GPE,-0.18669251,0.30975452,en,17.20000000,,0,,,,,,
Africa,Africa,LOC,0.03460243,0.38955891,en,17.20000000,,0,,,,,,
Asia,Asia,LOC,-0.04873908,0.51425754,en,16.90000000,,0,,,,,,
United States,United States,GPE,-0.02361933,0.50713346,en,16.90000000,,0,,,,,,
Zelia,Zelia,GPE,-0.12262279,0.47298592,en,15.90000000,,0,,,,,,
South Florida,South Florida,GPE,-0.10443723,0.34848485,en,15.40000000,,0,,,,,,
America,America,GPE,0.16628247,0.59391775,en,15.40000000,,0,,,,,,
Orlando,Orlando,GPE,0.00609630,0.58514613,en,15.00000000,,0,,,,,,
Alaska,Alaska,GPE,0.05003350,1.08079562,en,15.00000000,,0,,,,,,
Northern Territory,Northern Territory,LOC,-0.09027778,0.52314815,en,14.40000000,,0,,,,,,
the Indian Ocean,the Indian Ocean,LOC,-0.02865884,0.58159202,en,14.30000000,,0,,,,,,
Barbados,Barbados,GPE,-0.10481221,0.31150235,en,14.20000000,,0,,,,,,
Mauritius,Mauritius,GPE,-0.08039568,0.50989209,en,13.90000000,,0,,,,,,
Tanzania,Tanzania,GPE,-0.11400290,0.43797678,en,13.40000000,,0,,,,,,
Southeast,Southeast,LOC,-0.01036932,0.56701389,en,13.20000000,,0,,,,,,
MANILA,MANILA,GPE,-0.07955776,0.37954971,en,13.00000000,,0,,,,,,
HONG KONG,HONG KONG,GPE,0.19948167,0.44884336,en,12.90000000,,0,,,,,,
the Caribbean Sea,the Caribbean Sea,LOC,-0.13247648,0.78897849,en,12.40000000,,0,,,,,,
Houston,Houston,GPE,0.08094385,0.55749701,en,12.40000000,,0,,,,,,
Indonesia,Indonesia,GPE,-0.04937485,0.40576497,en,12.30000000,,0,,,,,,
the Pacific Ocean,the Pacific Ocean,LOC,0.05407145,0.36839088,en,12.20000000,,0,,,,,,
Earth,Earth,LOC,0.04315077,0.72548435,en,12.20000000,,0,,,,,,
Sarasota,Sarasota,GPE,0.09284940,0.67901758,en,11.80000000,,0,,,,,,
Cebu,Cebu,LOC,-0.38841897,0.69690570,en,11.50000000,,0,,,,,,
Pacific Ocean,Pacific Ocean,LOC,0.04505195,0.52101283,en,11.40000000,,0,,,,,,
the Cayman Islands,the Cayman Islands,GPE,-0.02339181,0.25852827,en,11.40000000,,0,,,,,,
MIAMI,MIAMI,GPE,-0.03352785,0.58606334,en,11.10000000,,0,,,,,,
Guangdong,Guangdong,GPE,0.10909812,0.36784993,en,11.00000000,,0,,,,,,
South Carolina,South Carolina,GPE,-0.03314394,0.35113636,en,11.00000000,,0,,,,,,
the Dominican Republic,the Dominican Republic,GPE,-0.12234054,0.55591962,en,10.90000000,,0,,,,,,
the South Pacific,the South Pacific,LOC,0.14953271,0.74766355,en,10.70000000,,0,,,,,,
the National Oceanic,the National Oceanic,LOC,0.00239218,0.17181042,en,10.60000000,,0,,,,,,
Black River,Black River,LOC,-0.17590444,0.66368867,en,10.30000000,,0,,,,,,
Atlantic Ocean,Atlantic Ocean,LOC,0.03670900,0.52146465,en,10.20000000,,0,,,,,,
Vermont,Vermont,GPE,0.10519802,0.18722497,en,10.10000000,4063093-6,5242283,A,44.00034,-72.74983,NORTH-AMERICA,United States,ENA
Fort Lauderdale,Fort Lauderdale,GPE,-0.24500000,0.39500000,en,10.00000000,,0,,,,,,
Bermuda,Bermuda,LOC,-0.04581679,1.27313303,en,10.00000000,,0,,,,,,
Western Australia,Western Australia,LOC,0.02581703,0.29964994,en,9.90000000,,0,,,,,,
TAMPA,TAMPA,GPE,-0.11477655,0.63587389,en,9.90000000,,0,,,,,,
Western Australia's,Western Australia's,LOC,-0.00623583,0.40385488,en,9.80000000,,0,,,,,,
SYDNEY,SYDNEY,GPE,-0.00736961,0.48582766,en,9.80000000,,0,,,,,,
Japan,Japan,GPE,0.13308738,0.82893519,en,9.60000000,,0,,,,,,
Caribbean Sea,Caribbean Sea,LOC,-0.02637076,0.48533265,en,9.50000000,,0,,,,,,
Kenya,Kenya,GPE,-0.28172515,0.51637427,en,9.50000000,,0,,,,,,
Turkey,Turkey,GPE,0.03457447,0.42863475,en,9.40000000,,0,,,,,,
Bangladesh,Bangladesh,GPE,-0.15203901,0.27836879,en,9.40000000,,0,,,,,,
the Gulf Coast,the Gulf Coast,LOC,-0.05703704,0.43370370,en,9.00000000,,0,,,,,,
the 2024 Atlantic,the 2024 Atlantic,LOC,0.06961610,0.50923845,en,8.90000000,,0,,,,,,
N.C.,N.C.,GPE,0.01109814,0.45754698,en,8.90000000,,0,,,,,,
Reunion,Reunion,LOC,0.02462121,0.38257576,en,8.80000000,4049639-9,935317,A,-21.1,55.6,INDIAN,Reunion,SIO
Grenada,Grenada,GPE,-0.15766284,0.41762452,en,8.70000000,,0,,,,,,
Galveston,Galveston,GPE,-0.01675485,0.44268078,en,8.40000000,,0,,,,,,
SAN JUAN,SAN JUAN,GPE,-0.22992714,0.83366832,en,8.40000000,,0,,,,,,
west coast,west coast,LOC,-0.16521164,0.57642196,en,8.40000000,,0,,,,,,
the Coral Sea,the Coral Sea,LOC,0.06295181,0.63493976,en,8.30000000,,235616,H,27.0,51.0,ASIA,,ARP
Virginia,Virginia,GPE,-0.21525298,0.63485863,en,8.00000000,,0,,,,,,
MEXICO CITY,MEXICO CITY,GPE,0.03764205,0.45388258,en,8.00000000,,0,,,,,,
Typhoon Halong,Typhoon Halong,GPE,0.19265823,0.89141350,en,7.90000000,,0,,,,,,
Hawaii,Hawaii,GPE,0.05860043,0.34786325,en,7.80000000,,0,,,,,,
France,France,GPE,-0.24914807,0.52607948,en,7.80000000,,0,,,,,,
Mozambique,Mozambique,GPE,0.04700577,0.45580808,en,7.70000000,,0,,,,,,
Louisiana,Louisiana,GPE,-0.07385954,0.35929998,en,7.70000000,,0,,,,,,
North Carolina's,North Carolina's,GPE,0.11444444,0.57111111,en,7.50000000,,0,,,,,,
Shenzhen,Shenzhen,GPE,0.22526276,0.51741742,en,7.40000000,,0,,,,,,
Yucatan Peninsula,Yucatan Peninsula,LOC,0.09009009,0.55405405,en,7.40000000,,0,,,,,,
the South China Sea,the South China Sea,LOC,-0.08920188,0.32300469,en,7.10000000,,0,,,,,,
Washington,Washington,GPE,0.25708198,0.45909767,en,7.00000000,,0,,,,,,
Gulf of Mexico,Gulf of Mexico,LOC,0.05495169,0.45531401,en,6.90000000,,0,,,,,,
South,South,LOC,-0.25210568,0.78054144,en,6.90000000,,0,,,,,,
the Windward Islands,the Windward Islands,LOC,-0.04390097,0.49130435,en,6.90000000,,0,,,,,,
Oklahoma,Oklahoma,GPE,0.17647059,0.29411765,en,6.80000000,,0,,,,,,
Central Florida,Central Florida,LOC,-0.08462894,0.45107794,en,6.70000000,,0,,,,,,
the Tiwi Islands,the Tiwi Islands,LOC,0.07954545,0.53724747,en,6.60000000,,0,,,,,,
Pilbara,Pilbara,GPE,-0.09052373,0.31035880,en,6.40000000,,0,,,,,,
Acapulco,Acapulco,GPE,-0.01920573,0.36197917,en,6.40000000,,0,,,,,,
Nova Scotia,Nova Scotia,GPE,-0.22395833,0.45833333,en,6.40000000,,0,,,,,,
Pacific coast,Pacific coast,LOC,-0.02194940,0.10174851,en,6.40000000,,0,,,,,,
North Atlantic,North Atlantic,LOC,0.16080729,0.54492187,en,6.40000000,,0,,,,,,
Thailand,Thailand,GPE,0.14229025,0.57161754,en,6.30000000,,0,,,,,,
Germany,Germany,GPE,0.27160954,0.64580229,en,6.10000000,,0,,,,,,
Sri Lanka,Sri Lanka,GPE,0.11239444,0.64960258,en,6.10000000,,0,,,,,,
GENEVA,GENEVA,GPE,-0.40965278,0.79421296,en,6.00000000,,0,,,,,,
U.S,U.S,GPE,0.09342593,0.46129630,en,6.00000000,,0,,,,,,
Azores,Azores,LOC,0.00388889,0.30490741,en,6.00000000,,0,,,,,,
South Africa,South Africa,GPE,-0.15851777,0.50049377,en,5.90000000,,0,,,,,,
Tulsa,Tulsa,GPE,0.25423729,0.42372881,en,5.90000000,4117261-9,4553433,P,36.15398,-95.99277,NORTH-AMERICA,United States,CNA
east coast,east coast,LOC,0.27595443,0.90586002,en,5.80000000,,0,,,,,,
BRISBANE,BRISBANE,GPE,-0.06206897,0.40344828,en,5.80000000,4212528-5,2174003,P,-27.46794,153.02809,OCEANIA,Australia,EAU
the Atlantic basin,the Atlantic basin,LOC,-0.01169591,0.10233918,en,5.70000000,,0,,,,,,
Typhoon Fung-wong,Typhoon Fung-wong,GPE,0.10969388,0.23724490,en,5.60000000,,0,,,,,,
Tallahassee,Tallahassee,GPE,0.01547619,0.42817460,en,5.60000000,,0,,,,,,
Kimberley,Kimberley,GPE,0.02424242,0.16363636,en,5.50000000,,0,,,,,,
Northeast,Northeast,LOC,0.09965565,0.97208448,en,5.50000000,,0,,,,,,
Salt Typhoon,Salt Typhoon,GPE,-0.14106061,0.35106061,en,5.50000000,,0,,,,,,
the east coast,the east coast,LOC,0.00833333,0.48257576,en,5.50000000,,0,,,,,,
PETERSBURG,PETERSBURG,GPE,0.00925926,0.12962963,en,5.40000000,,0,,,,,,
Floridas Gulf Coast,Floridas Gulf Coast,LOC,-0.11540881,0.71761006,en,5.30000000,,0,,,,,,
Hong Kong's,Hong Kong's,GPE,0.15353774,0.43333333,en,5.30000000,,0,,,,,,
the Leeward Islands,the Leeward Islands,LOC,-0.01572327,0.29517820,en,5.30000000,,0,,,,,,
the 2025 Atlantic,the 2025 Atlantic,LOC,0.12351190,0.47609689,en,5.30000000,,0,,,,,,
Brisbane,Brisbane,GPE,0.04700855,0.54594017,en,5.20000000,4212528-5,2174003,P,-27.46794,153.02809,OCEANIA,Australia,EAU
Malawi,Malawi,GPE,0.01923077,0.59615385,en,5.20000000,4074495-4,927384,A,-13.5,34.0,AFRICA,Malawi,ESAF
St. Vincent,St. Vincent,GPE,-0.01262019,0.39823718,en,5.20000000,2034200-7,498817,P,59.93863,30.31413,EUROPE,Russia,NEU
Russia,Russia,GPE,0.14743590,0.44871795,en,5.20000000,4076899-5,2017370,A,60.0,100.0,ASIA,Russia,ESB
Luzon,Luzon,LOC,0.07777778,0.61555556,en,5.00000000,,0,,,,,,
Malaysia,Malaysia,GPE,-0.00413022,0.72303207,en,4.90000000,,0,,,,,,
eastern coast,eastern coast,LOC,-0.05102041,0.90476190,en,4.90000000,,0,,,,,,
Verisk,Verisk,GPE,-0.01444129,0.65340909,en,4.80000000,,0,,,,,,
Jacksonville,Jacksonville,GPE,0.02083333,0.32175926,en,4.80000000,,0,,,,,,
the Virgin Islands,the Virgin Islands,GPE,-0.10106383,0.64184397,en,4.70000000,,0,,,,,,
Carolinas,Carolinas,GPE,-0.27091393,0.63374436,en,4.70000000,,0,,,,,,
Dare County,Dare County,GPE,-0.02659574,0.18617021,en,4.70000000,,0,,,,,,
New York City,New York City,GPE,0.04787314,0.68852814,en,4.60000000,,0,,,,,,
Los Cabos,Los Cabos,GPE,0.03985507,0.25000000,en,4.60000000,7688128-3,6299871,S,23.15185,-109.72104,CENTRAL-AMERICA,Mexico,NCA
FORT LAUDERDALE,FORT LAUDERDALE,GPE,0.01570048,0.64311594,en,4.60000000,,0,,,,,,
El Niño,El Niño,GPE,0.05510266,0.28155193,en,4.60000000,,0,,,,,,
Hainan,Hainan,GPE,0.06576087,0.35942029,en,4.60000000,,0,,,,,,
Canada,Canada,GPE,-0.06068841,1.30797101,en,4.60000000,,0,,,,,,
eastern Africa,eastern Africa,LOC,0.08888889,0.65185185,en,4.50000000,,7729889,L,-0.52734,36.51855,AFRICA,Kenya,SEAF
WASHINGTON,WASHINGTON,GPE,-0.16628086,0.44567901,en,4.50000000,,0,,,,,,
Angola,Angola,GPE,0.19444444,0.25925926,en,4.50000000,4002050-2,3351879,A,-12.5,18.5,AFRICA,Angola,WSAF
New South Wales,New South Wales,GPE,0.28394333,0.85719205,en,4.40000000,4058708-3,2147714,P,-33.86785,151.20732,OCEANIA,Australia,EAU
The United States,The United States,GPE,-0.03819444,0.51294192,en,4.40000000,,0,,,,,,
Hanoi,Hanoi,GPE,0.16893939,0.68996212,en,4.40000000,,0,,,,,,
East,East,LOC,-0.05127410,0.57428834,en,4.40000000,,0,,,,,,
BOSTON,BOSTON,GPE,-0.00166297,0.64301552,en,4.10000000,,0,,,,,,
Chivirico,Chivirico,GPE,0.08333333,0.32916667,en,4.00000000,,0,,,,,,
the Northern Territory's,the Northern Territory's,LOC,0.08645833,0.80138889,en,4.00000000,,5868589,T,63.06933,-151.00609,NORTH-AMERICA,United States,NWN
ST.,ST.,GPE,0.01250000,0.17500000,en,4.00000000,,0,,,,,,
New Jersey,New Jersey,GPE,0.30142677,0.92179293,en,4.00000000,,0,,,,,,
PARIS,PARIS,GPE,-0.10576923,0.23183761,en,3.90000000,,0,,,,,,
Europe,Europe,LOC,0.07158120,0.52742165,en,3.90000000,,0,,,,,,
Magic Kingdom,Magic Kingdom,GPE,0.46052632,1.12828947,en,3.80000000,,6620640,L,28.41875,-81.58123,NORTH-AMERICA,United States,ENA
the Sunshine State,the Sunshine State,LOC,0.29166667,0.58333333,en,3.80000000,,0,,,,,,
Typhoon Krathon,Typhoon Krathon,LOC,-0.12280702,0.22807018,en,3.80000000,,0,,,,,,
BANGKOK,BANGKOK,GPE,-0.20175439,1.52631579,en,3.80000000,,0,,,,,,
Bengal,Bengal,GPE,0.00000000,0.35135135,en,3.70000000,,0,,,,,,
Terengganu,Terengganu,GPE,0.01435811,0.51970721,en,3.70000000,,0,,,,,,
Aurora,Aurora,GPE,0.16516517,0.87087087,en,3.70000000,,0,,,,,,
Pacific beach,Pacific beach,LOC,0.07601351,0.39189189,en,3.70000000,,4169014,P,26.23786,-80.12477,NORTH-AMERICA,United States,ENA
Ukraine,Ukraine,GPE,0.17117117,1.12912913,en,3.70000000,,0,,,,,,
the Caroline Islands,the Caroline Islands,LOC,-0.03603604,0.36036036,en,3.70000000,,0,,,,,,
AUSTRALIA,AUSTRALIA,GPE,-0.08108108,0.52702703,en,3.70000000,,0,,,,,,
Hong Kong’s,Hong Kong’s,GPE,0.06481481,0.30061728,en,3.60000000,,0,,,,,,
Sumatra,Sumatra,GPE,0.13095238,0.38227513,en,3.60000000,,0,,,,,,
Baja,Baja,GPE,-0.00714286,0.12142857,en,3.50000000,,0,,,,,,
Milton,Milton,GPE,0.01258503,0.42517007,en,3.50000000,,0,,,,,,
the North Atlantic,the North Atlantic,LOC,0.01773632,0.43207815,en,3.50000000,,0,,,,,,
Manila,Manila,GPE,-0.04285714,0.27976190,en,3.50000000,,0,,,,,,
Hispaniola,Hispaniola,GPE,-0.46170343,1.41421569,en,3.40000000,,0,,,,,,
Typhoon Ragasa,Typhoon Ragasa,GPE,-0.08802309,0.33694084,en,3.30000000,,0,,,,,,
USA,USA,GPE,0.18434343,0.55411255,en,3.30000000,,0,,,,,,
TAIPEI,TAIPEI,GPE,0.22240260,0.53950216,en,3.30000000,,0,,,,,,
TALLAHASSEE,TALLAHASSEE,GPE,-0.01262626,0.03787879,en,3.30000000,,0,,,,,,
Zhuhai,Zhuhai,GPE,0.04250842,0.28619529,en,3.30000000,,0,,,,,,
Floridas,Floridas,GPE,0.02121212,0.50404040,en,3.30000000,,0,,,,,,
New York,New York,GPE,0.20608028,0.75489965,en,3.30000000,,0,,,,,,
GALVESTON,GALVESTON,GPE,0.08529742,0.53423120,en,3.30000000,,0,,,,,,
Mississippi,Mississippi,GPE,-0.09407713,0.23464187,en,3.30000000,,0,,,,,,
the US South,the US South,LOC,-0.24204545,0.32121212,en,3.30000000,,0,,,,,,
ASHEVILLE,ASHEVILLE,GPE,-0.09101382,0.49635177,en,3.10000000,4352239-7,4453066,P,35.60095,-82.55402,NORTH-AMERICA,United States,ENA
Asheville,Asheville,GPE,-0.09083927,0.52636969,en,3.10000000,4352239-7,4453066,P,35.60095,-82.55402,NORTH-AMERICA,United States,ENA
Hurricane Melissa,Hurricane Melissa,GPE,0.03116999,0.43964414,en,3.10000000,,0,,,,,,
Tropical Storm Dexter,Tropical Storm Dexter,LOC,0.01612903,0.77956989,en,3.10000000,,0,,,,,,
earth,earth,LOC,-0.01724138,0.31034483,en,2.90000000,,0,,,,,,
Mexicos,Mexicos,GPE,0.13095238,0.28571429,en,2.80000000,,0,,,,,,
Marystown,Marystown,GPE,-0.08928571,0.16666667,en,2.80000000,,0,,,,,,
CORAL SPRINGS,CORAL SPRINGS,GPE,-0.26785714,0.42857143,en,2.80000000,,0,,,,,,
HOUSTON,HOUSTON,GPE,0.12500000,0.63690476,en,2.80000000,,0,,,,,,
the United States National Hurricane Center,the United States National Hurricane Center,GPE,-0.04464286,0.14880952,en,2.80000000,,0,,,,,,
West Bengal,West Bengal,LOC,-0.39583333,0.52083333,en,2.80000000,,0,,,,,,
Yangjiang,Yangjiang,GPE,0.15714286,0.41964286,en,2.80000000,,0,,,,,,
Baja California Peninsula,Baja California Peninsula,LOC,0.03571429,0.20238095,en,2.80000000,,4017701,T,28.0,-113.5,CENTRAL-AMERICA,Mexico,NCA
Uwan,Uwan,GPE,0.07930308,0.42981151,en,2.80000000,,0,,,,,,
St. Pete Beach,St. Pete Beach,GPE,0.07440476,0.15178571,en,2.80000000,,0,,,,,,
North Carolina Beach,North Carolina Beach,GPE,-0.10164786,0.62314471,en,2.80000000,,0,,,,,,
Windward Islands,Windward Islands,LOC,-0.00669643,0.16071429,en,2.80000000,,0,,,,,,
Veracruz,Veracruz,GPE,-0.11160714,0.31250000,en,2.80000000,,0,,,,,,
CAPE TOWN,CAPE TOWN,GPE,-0.32509438,0.52793082,en,2.70000000,,0,,,,,,
South East Asia,South East Asia,LOC,0.05897436,0.68461538,en,2.60000000,,0,,,,,,
North Carolinas,North Carolinas,GPE,-0.21794872,0.35897436,en,2.60000000,,0,,,,,,
Comoros,Comoros,GPE,-0.00480769,0.20192308,en,2.60000000,,0,,,,,,
Chennai,Chennai,GPE,-0.24074074,0.39031339,en,2.60000000,5351481-6,1264527,P,13.08784,80.27847,ASIA,India,SAS
New England,New England,LOC,0.04145854,0.53975191,en,2.60000000,,0,,,,,,
Macau,Macau,GPE,0.25000000,0.61538462,en,2.60000000,,0,,,,,,
Tennessee,Tennessee,GPE,0.09581044,0.96153846,en,2.60000000,,0,,,,,,
NY,NY,GPE,-0.01923077,0.74679487,en,2.60000000,,0,,,,,,
Northern Australia,Northern Australia,LOC,-0.31538462,0.46153846,en,2.60000000,,0,,,,,,
Bradenton,Bradenton,GPE,0.00000000,0.00000000,en,2.60000000,,0,,,,,,
Southern China,Southern China,LOC,0.11538462,0.34615385,en,2.60000000,,0,,,,,,
Shanghai,Shanghai,GPE,0.07692308,0.37179487,en,2.60000000,,0,,,,,,
Delaware,Delaware,GPE,-0.09703621,0.46521577,en,2.40000000,4085407-3,4142224,A,39.00039,-75.49992,NORTH-AMERICA,United States,ENA
Typhoon Wipha,Typhoon Wipha,LOC,0.05237269,0.43518519,en,2.40000000,,0,,,,,,
Vt,Vt,GPE,0.13020833,0.17100694,en,2.40000000,4350641-0,1651944,P,17.96667,102.6,ASIA,Laos,SEA
the Northern Territory,the Northern Territory,LOC,-0.08099747,0.66496212,en,2.40000000,,4714582,P,29.59412,-95.68078,NORTH-AMERICA,United States,CNA
NYC,NYC,GPE,-0.24382716,0.85956790,en,2.40000000,4042011-5,5128581,P,40.71427,-74.00597,NORTH-AMERICA,United States,ENA
Asia-Pacific,Asia-Pacific,LOC,-0.14496528,0.75000000,en,2.40000000,,0,,,,,,
Iowa,Iowa,GPE,0.00000000,0.00000000,en,2.40000000,4109226-0,4862182,A,42.00027,-93.50049,NORTH-AMERICA,United States,CNA
BARNET,BARNET,GPE,0.10416667,0.13194444,en,2.40000000,,2656295,P,51.65,-0.2,EUROPE,United Kingdom,NEU
Macao,Macao,GPE,0.20254630,0.54398148,en,2.40000000,4036791-5,1821274,P,22.20056,113.54611,ASIA,Macao,EAS
Tropical Storm,Tropical Storm,LOC,0.08680556,0.52430556,en,2.40000000,,0,,,,,,
NEW YORK,NEW YORK,GPE,0.24905303,0.71732955,en,2.40000000,,0,,,,,,
the Middle East,the Middle East,LOC,0.10729167,0.38055556,en,2.40000000,,12217091,L,35.8,-86.5,NORTH-AMERICA,United States,ENA
the Tampa Bay,the Tampa Bay,LOC,0.02604167,0.20833333,en,2.40000000,,6955101,L,27.87307,-82.51007,NORTH-AMERICA,United States,ENA
Hurricane Milton's,Hurricane Milton's,GPE,-0.83333333,0.93055556,en,2.40000000,,0,,,,,,
Cisco,Cisco,GPE,0.11904762,0.16617063,en,2.40000000,,4681521,P,32.38819,-98.97923,NORTH-AMERICA,United States,CNA
Pakistan,Pakistan,GPE,-0.14130435,0.50000000,en,2.30000000,,0,,,,,,
East Pacific,East Pacific,LOC,0.04695767,0.22222222,en,2.10000000,,0,,,,,,
New Orleans,New Orleans,GPE,0.30743146,1.05836941,en,2.10000000,,0,,,,,,
HANOI,HANOI,GPE,0.25536449,1.39961787,en,2.10000000,,0,,,,,,
the East Pacific,the East Pacific,LOC,-0.19047619,0.47619048,en,2.10000000,,12212303,L,37.02332,-77.36954,NORTH-AMERICA,United States,ENA
Brevard,Brevard,GPE,-0.11904762,0.23809524,en,2.10000000,,0,,,,,,
Liloan,Liloan,GPE,-0.16166667,0.31166667,en,2.00000000,,0,,,,,,
The National Oceanic,The National Oceanic,LOC,0.21076389,0.39687500,en,2.00000000,,0,,,,,,
CUBA,CUBA,GPE,0.27470238,0.68690476,en,2.00000000,,0,,,,,,
Montego Bay,Montego Bay,LOC,0.06666667,0.37083333,en,2.00000000,,0,,,,,,
Central America,Central America,LOC,-0.07968750,0.33125000,en,2.00000000,,0,,,,,,
Nairobi,Nairobi,GPE,-0.76770833,1.04166667,en,2.00000000,,0,,,,,,
Michigan,Michigan,GPE,0.00000000,0.50000000,en,2.00000000,,0,,,,,,
Atlantic Basin,Atlantic Basin,LOC,0.24114583,0.76458333,en,2.00000000,,0,,,,,,
Miami Hurricanes,Miami Hurricanes,GPE,-0.08750000,0.25000000,en,2.00000000,,0,,,,,,
Kentucky,Kentucky,GPE,-0.07023810,0.40000000,en,2.00000000,,0,,,,,,
Jamaicas,Jamaicas,GPE,-0.09000000,0.35500000,en,2.00000000,,0,,,,,,
Islamabad,Islamabad,GPE,0.10526316,0.53947368,en,1.90000000,,0,,,,,,
Britain,Britain,GPE,0.00000000,0.00000000,en,1.90000000,,0,,,,,,
the Florida Panhandle,the Florida Panhandle,LOC,0.11069340,0.53425230,en,1.90000000,,0,,,,,,
BACOLOD CITY,BACOLOD CITY,GPE,0.21052632,0.52631579,en,1.90000000,,0,,,,,,
the eastern Pacific,the eastern Pacific,LOC,-0.10526316,0.42105263,en,1.90000000,,0,,,,,,
Dungun,Dungun,GPE,0.05263158,0.21052632,en,1.90000000,,0,,,,,,
North America,North America,LOC,-0.09539474,0.58881579,en,1.90000000,,0,,,,,,
Réunion Island,Réunion Island,GPE,0.02236842,0.67236842,en,1.90000000,,935316,T,-21.11429,55.54756,INDIAN,Reunion,SIO
the southwestern Gulf of Mexico,the southwestern Gulf of Mexico,LOC,0.04276316,0.38304094,en,1.90000000,,0,,,,,,
the Atlantic hurricane,the Atlantic hurricane,LOC,0.00000000,0.00000000,en,1.90000000,,0,,,,,,
the southwest Gulf,the southwest Gulf,LOC,0.07894737,0.22807018,en,1.90000000,,0,,,,,,
Zhejiang Province,Zhejiang Province,GPE,-0.03508772,0.24561404,en,1.90000000,,0,,,,,,
FLORIDA,FLORIDA,GPE,0.05263158,0.28070175,en,1.90000000,,0,,,,,,
the Gulf through Orlando,the Gulf through Orlando,LOC,0.00000000,0.21052632,en,1.90000000,,0,,,,,,
the Cabo Verde Islands,the Cabo Verde Islands,LOC,-0.00877193,0.39473684,en,1.90000000,,0,,,,,,
the Southern U.S.,the Southern U.S.,LOC,0.03508772,0.22807018,en,1.90000000,,0,,,,,,
Carib,Carib,GPE,-0.26315789,0.60526316,en,1.90000000,,0,,,,,,
the Bay of Bengal,the Bay of Bengal,LOC,0.03289474,0.26315789,en,1.90000000,,5128897,P,43.23007,-75.74824,NORTH-AMERICA,United States,ENA
South-East Asia,South-East Asia,LOC,0.12280702,0.70175439,en,1.90000000,,0,,,,,,
Seroja,Seroja,LOC,0.00000000,0.00000000,en,1.90000000,,0,,,,,,
Superstorm Sandy,Superstorm Sandy,LOC,0.07894737,0.81140351,en,1.90000000,,0,,,,,,
TOKYO,TOKYO,GPE,-0.03508772,0.42105263,en,1.90000000,,0,,,,,,
Neb.,Neb.,GPE,0.26754386,0.28947368,en,1.90000000,,0,,,,,,
the Northern Hemisphere,the Northern Hemisphere,LOC,0.02626938,0.30957022,en,1.90000000,,0,,,,,,
Ont.,Ont.,GPE,0.00000000,0.52631579,en,1.90000000,,0,,,,,,
South Australia,South Australia,GPE,-0.42105263,0.89473684,en,1.90000000,,0,,,,,,
OceanX,OceanX,GPE,0.12030075,0.30827068,en,1.90000000,,0,,,,,,
Guangdong province,Guangdong province,GPE,0.16666667,0.51754386,en,1.90000000,,0,,,,,,
Chile,Chile,GPE,0.15789474,0.52631579,en,1.90000000,,0,,,,,,
Far North Queensland,Far North Queensland,LOC,0.07894737,1.05263158,en,1.90000000,,11184542,S,-16.87839,145.62515,OCEANIA,Australia,NAU
Ontario,Ontario,GPE,0.00000000,0.00000000,en,1.90000000,,0,,,,,,
US East Coast,US East Coast,LOC,-0.05921053,0.12500000,en,1.90000000,,0,,,,,,
Path,Path,GPE,0.00000000,0.00000000,en,1.90000000,,0,,,,,,
St. Catharines,St. Catharines,GPE,0.00000000,0.52631579,en,1.90000000,,0,,,,,,
the Southeastern United States,the Southeastern United States,GPE,0.00000000,0.10526316,en,1.90000000,,0,,,,,,
Carriacou Island,Carriacou Island,LOC,-0.06578947,0.52631579,en,1.90000000,,0,,,,,,
Batanes,Batanes,LOC,0.00000000,0.05263158,en,1.90000000,,0,,,,,,
the Central Pacific,the Central Pacific,LOC,0.13888889,0.43859649,en,1.90000000,,0,,,,,,
Goolwa Beach,Goolwa Beach,GPE,-0.42105263,0.89473684,en,1.90000000,,0,,,,,,
NEW DELHI,NEW DELHI,GPE,-0.24596292,0.66586922,en,1.90000000,,0,,,,,,
landfalling Atlantic,landfalling Atlantic,LOC,-1.05263158,1.05263158,en,1.90000000,,0,,,,,,
East Pakistan,East Pakistan,GPE,-0.61403509,0.61403509,en,1.90000000,,0,,,,,,
Sadbhav,Sadbhav,GPE,-0.24596292,0.66586922,en,1.90000000,,0,,,,,,
LABRADOR,LABRADOR,GPE,0.00000000,0.23684211,en,1.90000000,,0,,,,,,
Bualoi,Bualoi,GPE,-0.05555556,0.25730994,en,1.90000000,,0,,,,,,
the Ohio Valley,the Ohio Valley,LOC,-0.10526316,0.10526316,en,1.90000000,,0,,,,,,
Southeast U.S.,Southeast U.S.,LOC,-0.15789474,0.50000000,en,1.90000000,,0,,,,,,
the Yucatan Peninsula,the Yucatan Peninsula,LOC,0.00000000,0.00000000,en,1.90000000,,0,,,,,,
Dinalungan,Dinalungan,GPE,0.32163743,0.64327485,en,1.90000000,,0,,,,,,
Cortez,Cortez,GPE,0.00000000,0.03508772,en,1.90000000,,0,,,,,,
LISMORE,LISMORE,GPE,0.04057018,0.33004386,en,1.90000000,,0,,,,,,
Belem,Belem,GPE,0.00000000,0.00000000,en,1.90000000,,0,,,,,,
Eastern Seaboard,Eastern Seaboard,LOC,-0.02653509,0.37251462,en,1.90000000,,0,,,,,,
Lismore,Lismore,GPE,0.04057018,0.33004386,en,1.90000000,,0,,,,,,
Hainan Island,Hainan Island,GPE,-0.01052632,0.25964912,en,1.90000000,,0,,,,,,
Treasure Beach,Treasure Beach,GPE,0.00000000,0.43859649,en,1.90000000,,0,,,,,,
Wipha,Wipha,GPE,0.08771930,0.14473684,en,1.90000000,,0,,,,,,
Southeast coast,Southeast coast,LOC,0.07894737,0.22807018,en,1.90000000,,0,,,,,,
The North Atlantic,The North Atlantic,LOC,0.00877193,0.28070175,en,1.90000000,,0,,,,,,
Bacolod,Bacolod,GPE,-0.02631579,0.18421053,en,1.90000000,,0,,,,,,
Tropical Storm Milton,Tropical Storm Milton,LOC,0.00000000,0.00000000,en,1.90000000,,0,,,,,,
Tropical Storm Erin,Tropical Storm Erin,LOC,0.13486842,0.42982456,en,1.90000000,,0,,,,,,
INDIAN ROCKS BEACH,INDIAN ROCKS BEACH,LOC,0.03508772,0.06432749,en,1.90000000,,0,,,,,,
miami,miami,GPE,0.00000000,0.39473684,en,1.90000000,,0,,,,,,
the Florida Peninsula,the Florida Peninsula,LOC,-0.01644737,0.57017544,en,1.90000000,,0,,,,,,
Bacolod City,Bacolod City,GPE,0.01507675,0.43311404,en,1.90000000,,0,,,,,,
Horseshoe Beach,Horseshoe Beach,GPE,0.00000000,0.00000000,en,1.90000000,,0,,,,,,
Sydney,Sydney,GPE,0.00000000,0.00000000,en,1.90000000,,0,,,,,,
Edmonton,Edmonton,GPE,-0.33333333,0.50000000,en,1.80000000,,0,,,,,,
MAURITIUS,MAURITIUS,GPE,0.12500000,0.65277778,en,1.80000000,,0,,,,,,
Coral Sea,Coral Sea,LOC,0.55555556,0.55555556,en,1.80000000,4295970-6,2194166,H,-20.0,155.0,OCEANIA,,NAU
PORT LOUIS,PORT LOUIS,GPE,0.12500000,0.65277778,en,1.80000000,,0,,,,,,
Appalachia,Appalachia,LOC,-0.55555556,0.61111111,en,1.80000000,,0,,,,,,
La Reunion,La Reunion,GPE,0.12500000,0.65277778,en,1.80000000,,0,,,,,,
the Gulf of Carpentaria,the Gulf of Carpentaria,LOC,-0.16666667,0.41666667,en,1.80000000,,0,,,,,,
Sri Lanka's,Sri Lanka's,GPE,-0.00810185,0.59259259,en,1.80000000,,0,,,,,,
Palm Beach County,Palm Beach County,GPE,0.00000000,0.00000000,en,1.70000000,4596329-0,4177887,P,26.71534,-80.05337,NORTH-AMERICA,United States,ENA
Caicos Islands,Caicos Islands,LOC,-0.02941176,0.23529412,en,1.70000000,4285170-1,3577034,T,21.93333,-71.96667,CENTRAL-AMERICA,Turks and Caicos Islands,CAR
FORT MYERS,FORT MYERS,GPE,-0.03921569,0.26143791,en,1.70000000,4460089-6,4155995,P,26.62168,-81.84059,NORTH-AMERICA,United States,ENA
Katrina,Katrina,GPE,-0.12352941,0.85588235,en,1.70000000,,0,,,,,,
Swannanoa,Swannanoa,GPE,-0.02352941,0.55686275,en,1.70000000,,4494217,P,35.59789,-82.39984,NORTH-AMERICA,United States,ENA
Long Island,Long Island,LOC,0.03132162,0.44614209,en,1.70000000,,3572005,A,23.21667,-75.11167,CENTRAL-AMERICA,Bahamas,CAR
South Carolina's,South Carolina's,GPE,0.00000000,0.00000000,en,1.70000000,,0,,,,,,
Portugal,Portugal,GPE,0.00000000,0.00000000,en,1.70000000,4046843-4,2264397,A,39.6945,-8.13057,EUROPE-AFRICA,Portugal,MED
Eastern Pacific,Eastern Pacific,LOC,-0.03893717,0.58221925,en,1.70000000,,0,,,,,,
Treasure Island,Treasure Island,GPE,0.00000000,0.00000000,en,1.70000000,,4175626,P,27.76919,-82.76899,NORTH-AMERICA,United States,ENA
Boone,Boone,GPE,-0.01503268,0.60326797,en,1.70000000,4085303-2,4381982,P,38.95171,-92.33407,NORTH-AMERICA,United States,CNA
Gaza,Gaza,GPE,-0.11274510,0.38725490,en,1.70000000,,0,,,,,,
North,North,LOC,-0.23235294,0.63823529,en,1.70000000,,12110879,L,42.74936,-96.39971,NORTH-AMERICA,United States,CNA
Volt Typhoon,Volt Typhoon,LOC,-0.11764706,0.27941176,en,1.70000000,,0,,,,,,
Toronto,Toronto,GPE,0.34926471,0.73529412,en,1.70000000,4060459-7,6167865,P,43.70643,-79.39864,NORTH-AMERICA,Canada,ENA
the Carolina Hurricanes,the Carolina Hurricanes,GPE,0.59705882,0.72205882,en,1.70000000,,0,,,,,,
NSW,NSW,GPE,-0.11029412,0.29411765,en,1.70000000,4058708-3,2147714,P,-33.86785,151.20732,OCEANIA,Australia,EAU
Fort Myers,Fort Myers,GPE,0.00000000,0.00000000,en,1.70000000,4460089-6,4155995,P,26.62168,-81.84059,NORTH-AMERICA,United States,ENA
San Diego,San Diego,GPE,0.00000000,0.00000000,en,1.70000000,4269521-1,5391811,P,32.71571,-117.16472,CENTRAL-AMERICA,United States,NCA
Virgin Islands,Virgin Islands,GPE,-0.08823529,0.26470588,en,1.70000000,4229389-3,4796512,P,17.72751,-64.74698,CENTRAL-AMERICA,U.S. Virgin Islands,CAR
U.S. East Coast,U.S. East Coast,LOC,-0.16666667,1.51715686,en,1.70000000,,0,,,,,,
Ankara,Ankara,GPE,-0.10316399,0.77621806,en,1.70000000,,0,,,,,,
Tropical Cyclone Chido,Tropical Cyclone Chido,LOC,0.00000000,0.16339869,en,1.70000000,,0,,,,,,
COMOROS,COMOROS,GPE,0.00000000,0.16339869,en,1.70000000,4265797-0,921929,A,-12.23333,44.44553,AFRICA,Comoros,ESAF
Maryland,Maryland,GPE,-0.13699230,0.69599090,en,1.70000000,,0,,,,,,
Main Development Region,Main Development Region,LOC,-0.13398693,0.52614379,en,1.70000000,,0,,,,,,
Rodanthe,Rodanthe,GPE,-0.07352941,0.22058824,en,1.70000000,,4488807,P,35.59351,-75.46794,NORTH-AMERICA,United States,ENA
Typhoon Yinxing,Typhoon Yinxing,GPE,0.03921569,0.94117647,en,1.70000000,,0,,,,,,
D.C.,D.C.,GPE,-0.47058824,0.78431373,en,1.70000000,4007557-6,3688689,P,4.60971,-74.08175,SOUTH-AMERICA,Colombia,NWS
Cayman Islands,Cayman Islands,LOC,-0.05882353,0.23529412,en,1.70000000,4310479-4,3580718,A,19.5,-80.66667,CENTRAL-AMERICA,Cayman Islands,CAR
Midwest,Midwest,LOC,-0.19117647,0.75000000,en,1.70000000,,0,,,,,,
Little Cayman,Little Cayman,GPE,-0.22058824,0.58823529,en,1.70000000,,0,,,,,,
NJ,NJ,GPE,-0.47058824,0.76470588,en,1.70000000,,12213808,L,40.77331,-73.87989,NORTH-AMERICA,United States,ENA
Atlantic Hurricanes,Atlantic Hurricanes,LOC,0.06078431,0.32875817,en,1.70000000,,6520375,S,24.5526,-81.8057,CENTRAL-AMERICA,United States,CAR
Progreso,Progreso,GPE,0.00000000,0.00000000,en,1.70000000,,3596416,A,14.83333,-90.0,CENTRAL-AMERICA,Guatemala,SCA
Clermont,Clermont,GPE,0.33823529,0.84033613,en,1.70000000,4090482-9,3024635,P,45.77969,3.08682,EUROPE,France,WCE
Sputnik,Sputnik,GPE,0.41711230,0.80949198,en,1.70000000,,6625906,T,-70.36667,163.36667,POLAR,Antarctica,EAN
Hurricane Beryl,Hurricane Beryl,LOC,-0.03921569,0.35947712,en,1.70000000,,0,,,,,,
St. Petersburg,St. Petersburg,GPE,0.00000000,0.00000000,en,1.70000000,2034200-7,498817,P,59.93863,30.31413,EUROPE,Russia,NEU
the Southwest United States,the Southwest United States,GPE,-0.17647059,0.39215686,en,1.70000000,,9252023,A,17.69317,-64.85755,CENTRAL-AMERICA,U.S. Virgin Islands,CAR
ST PETERSBURG,ST PETERSBURG,GPE,-0.09150327,0.35294118,en,1.70000000,2034200-7,498817,P,59.93863,30.31413,EUROPE,Russia,NEU
Atlanta,Atlanta,GPE,0.41176471,0.35294118,en,1.70000000,4086063-2,4180439,P,33.749,-84.38798,NORTH-AMERICA,United States,ENA
Aegean,Aegean,GPE,-0.03921569,0.40196078,en,1.70000000,,10922486,L,38.96622,28.72059,EUROPE-AFRICA,Turkey,MED
HORSESHOE BEACH,HORSESHOE BEACH,GPE,0.00000000,0.00000000,en,1.70000000,,4159207,P,29.44135,-83.28736,NORTH-AMERICA,United States,ENA
Sarasota County,Sarasota County,GPE,0.02941176,0.41176471,en,1.70000000,4194929-8,4172131,P,27.33643,-82.53065,NORTH-AMERICA,United States,ENA
Central Gulf Coast,Central Gulf Coast,LOC,-0.03921569,0.37254902,en,1.70000000,,12217076,L,34.60739,-86.97977,NORTH-AMERICA,United States,ENA
Gulf coast,Gulf coast,LOC,0.10457516,0.58169935,en,1.70000000,,12212749,L,30.3314,-89.73221,NORTH-AMERICA,United States,ENA
East Africa,East Africa,GPE,0.00000000,0.00000000,en,1.70000000,14267-0,12070073,L,30.01745,31.21808,EUROPE-AFRICA,Egypt,MED
Vt.,Vt.,GPE,0.05451575,0.39141414,en,1.70000000,4350641-0,1651944,P,17.96667,102.6,ASIA,Laos,SEA
Australias Northern Territory,Australias Northern Territory,LOC,-0.23529412,0.85294118,en,1.70000000,,0,,,,,,
North Carolina’s,North Carolina’s,GPE,0.00000000,0.00000000,en,1.70000000,,0,,,,,,
the Top End coast,the Top End coast,LOC,0.10882353,0.50882353,en,1.70000000,,5862272,T,56.45556,-157.74556,NORTH-AMERICA,United States,NWN
the Grenadine Islands,the Grenadine Islands,LOC,0.00000000,0.00000000,en,1.70000000,,3577891,T,12.66667,-61.25,CENTRAL-AMERICA,St Vincent and Grenadines,CAR
Visayas,Visayas,GPE,0.19607843,0.39215686,en,1.70000000,,0,,,,,,
Kaohsiung,Kaohsiung,GPE,0.00000000,0.00000000,en,1.70000000,4341688-3,1673820,P,22.61626,120.31333,ASIA,Taiwan,EAS
Tobago,Tobago,GPE,0.00000000,0.00000000,en,1.70000000,4106515-3,3573606,A,11.25,-60.66667,SOUTH-AMERICA,Trinidad and Tobago,NSA
"Barbados, Grenada","Barbados, Grenada",GPE,0.00000000,0.00000000,en,1.70000000,,11893959,S,13.26789,-59.59282,CENTRAL-AMERICA,Barbados,CAR
the Southern United States,the Southern United States,GPE,0.00000000,0.00000000,en,1.70000000,,11887752,L,33.45876,-90.15081,NORTH-AMERICA,United States,CNA
Siesta Key,Siesta Key,LOC,-0.04411765,0.69117647,en,1.70000000,,4172935,P,27.26785,-82.54526,NORTH-AMERICA,United States,ENA
Volcano Bay,Volcano Bay,LOC,0.16522876,0.50143791,en,1.70000000,,2127607,H,42.33333,140.66667,ASIA,Japan,EAS
Union Island,Union Island,LOC,0.00000000,0.00000000,en,1.70000000,,146670,T,35.00304,32.98791,EUROPE-AFRICA,Cyprus,MED
New Zealand,New Zealand,GPE,1.15272624,2.25445784,en,1.40000000,,0,,,,,,
Chicago,Chicago,GPE,0.09615385,0.38461538,en,1.30000000,,0,,,,,,
Wisconsin,Wisconsin,GPE,0.07692308,0.12500000,en,1.30000000,,0,,,,,,
Pacífico,Pacífico,GPE,0.00000000,0.07692308,en,1.30000000,,0,,,,,,
GUADALAJARA,GUADALAJARA,GPE,0.00000000,0.07692308,en,1.30000000,,0,,,,,,
Milan,Milan,GPE,-0.20694444,1.05208333,en,1.20000000,,0,,,,,,
Afghanistan,Afghanistan,GPE,-0.41666667,0.08333333,en,1.20000000,,0,,,,,,
Moreton Bay,Moreton Bay,GPE,0.26515152,1.43939394,en,1.20000000,4705106-1,7839376,A,-27.10731,152.92937,OCEANIA,Australia,EAU
Carolina,Carolina,LOC,0.00000000,0.00000000,en,1.20000000,,4563243,P,18.38078,-65.95739,CENTRAL-AMERICA,Puerto Rico,CAR
the U.S. Southeast,the U.S. Southeast,LOC,-0.02777778,0.85185185,en,1.20000000,,5874863,A,63.75056,-143.25056,NORTH-AMERICA,United States,NWN
Tropical Storm Chantal,Tropical Storm Chantal,LOC,-0.16666667,0.41666667,en,1.20000000,,0,,,,,,
Los Angeles,Los Angeles,GPE,-0.22196970,1.03939394,en,1.10000000,,0,,,,,,
Holguin,Holguin,GPE,0.00000000,0.00000000,en,1.10000000,,0,,,,,,
Great Lakes,Great Lakes,LOC,0.81818182,1.51515152,en,1.10000000,,0,,,,,,
Samaritan,Samaritan,GPE,-0.05050505,0.16161616,en,1.10000000,,0,,,,,,
Venezuela,Venezuela,GPE,0.00000000,0.00000000,en,1.10000000,,0,,,,,,
Albania,Albania,GPE,0.00000000,0.90909091,en,1.10000000,,0,,,,,,
Lake,Lake,LOC,-0.22727273,0.45454545,en,1.10000000,,0,,,,,,
Dublin,Dublin,GPE,0.34090909,0.90909091,en,1.10000000,,0,,,,,,
West Palm Beach,West Palm Beach,GPE,-0.28282828,0.52525253,en,1.10000000,,0,,,,,,
Phoenix,Phoenix,GPE,0.00000000,0.00000000,en,1.10000000,,0,,,,,,
ISLAMABAD,ISLAMABAD,GPE,0.00000000,0.04545455,en,1.10000000,,0,,,,,,
china,china,GPE,0.19696970,1.52525253,en,1.10000000,,0,,,,,,
Ireland,Ireland,GPE,0.33712121,0.83712121,en,1.10000000,,0,,,,,,
Greece,Greece,GPE,0.00000000,0.90909091,en,1.10000000,,0,,,,,,
sa,sa,GPE,0.00000000,0.25000000,en,1.00000000,,0,,,,,,
Arnhem Land,Arnhem Land,LOC,-0.12500000,0.37500000,en,1.00000000,4085943-5,2077568,L,-13.25827,134.8303,OCEANIA,Australia,NAU
Erdogan,Erdogan,GPE,0.00000000,0.00000000,en,1.00000000,,315508,P,38.88157,36.87911,EUROPE-AFRICA,Turkey,MED
Guantánamo Bay,Guantánamo Bay,LOC,-0.05937500,0.85000000,en,1.00000000,,0,,,,,,
Ky,Ky,GPE,0.25000000,0.33333333,en,1.00000000,,0,,,,,,
Cozad,Cozad,GPE,0.00000000,0.00000000,en,1.00000000,,0,,,,,,
X5.1,X5.1,LOC,0.00000000,0.00000000,en,1.00000000,,0,,,,,,
Steinbrenner Field,Steinbrenner Field,LOC,0.00000000,0.00000000,en,1.00000000,,0,,,,,,
Qatar,Qatar,GPE,-0.21250000,0.48750000,en,1.00000000,4029924-7,289688,A,25.5,51.25,ASIA,Qatar,ARP
Tropical Cyclone Fina,Tropical Cyclone Fina,LOC,0.00000000,0.00000000,en,1.00000000,,0,,,,,,
N.S.,N.S.,GPE,0.00000000,0.00000000,en,1.00000000,,0,,,,,,
the Malacca Strait,the Malacca Strait,LOC,0.17142857,0.47619048,en,1.00000000,,0,,,,,,
Stillwater,Stillwater,GPE,0.30000000,0.50000000,en,1.00000000,,5680538,A,45.66944,-109.39477,NORTH-AMERICA,United States,WNA
JAMAICA,JAMAICA,GPE,-0.20454545,0.81818182,en,1.00000000,,0,,,,,,
Doha,Doha,GPE,-0.56250000,1.40416667,en,1.00000000,4219005-8,290030,P,25.28545,51.53096,ASIA,Qatar,ARP
Cape Coral,Cape Coral,LOC,0.00000000,0.00000000,en,1.00000000,,4149962,P,26.56285,-81.94953,NORTH-AMERICA,United States,ENA
Florida Neighborhood,Florida Neighborhood,GPE,-0.25000000,0.40000000,en,1.00000000,,0,,,,,,
the Blue Ridge,the Blue Ridge,LOC,0.00000000,0.10000000,en,1.00000000,,0,,,,,,
Santo Domingo,Santo Domingo,GPE,0.05833333,0.45833333,en,1.00000000,,0,,,,,,
stor… Jamaica,stor… Jamaica,GPE,0.00000000,0.25000000,en,1.00000000,,0,,,,,,
the Dominican Republic’s,the Dominican Republic’s,GPE,0.05833333,0.45833333,en,1.00000000,,0,,,,,,
Dominican Republic,Dominican Republic,GPE,-0.20000000,0.50000000,en,1.00000000,,0,,,,,,
the aurora borealis,the aurora borealis,LOC,0.55000000,0.90000000,en,1.00000000,,0,,,,,,
Hispaniola SAN JUAN,Hispaniola SAN JUAN,LOC,-0.40000000,0.60000000,en,1.00000000,,0,,,,,,
Ottawa,Ottawa,GPE,0.00000000,0.00000000,en,1.00000000,4122012-2,6094817,P,45.41117,-75.69812,NORTH-AMERICA,Canada,ENA
CARIBBEAN,CARIBBEAN,LOC,0.00000000,0.00000000,en,1.00000000,,0,,,,,,
sightings,sightings,GPE,0.00000000,0.40000000,en,1.00000000,,0,,,,,,
"the South China Sea
","the South China Sea
",LOC,0.20333333,0.56333333,en,1.00000000,,0,,,,,,
Guantanamo Bay,Guantanamo Bay,LOC,0.50000000,0.90000000,en,1.00000000,,0,,,,,,
the Deep South,the Deep South,LOC,0.00000000,0.40000000,en,1.00000000,,0,,,,,,
Tropical Storm Melissa,Tropical Storm Melissa,GPE,-0.50000000,0.70000000,en,1.00000000,,0,,,,,,
Kuwait,Kuwait,GPE,-0.17500000,0.45833333,en,1.00000000,4073919-3,285570,A,29.5,47.75,ASIA,Kuwait,ARP
the South China Sea Read,the South China Sea Read,LOC,0.20333333,0.56333333,en,1.00000000,,0,,,,,,
Yilan,Yilan,GPE,0.00000000,0.00000000,en,1.00000000,4407796-8,1674199,P,24.757,121.753,ASIA,Taiwan,EAS
Inner Circle,Inner Circle,LOC,0.25000000,0.33333333,en,1.00000000,,0,,,,,,
Istanbul,Istanbul,GPE,-0.21250000,0.48750000,en,1.00000000,4088772-8,745044,P,41.01384,28.94966,EUROPE-AFRICA,Turkey,MED
the Central Caribbean Sea,the Central Caribbean Sea,LOC,0.00000000,0.25000000,en,1.00000000,,0,,,,,,
Wellington,Wellington,GPE,0.00000000,0.00000000,en,1.00000000,,0,,,,,,
BOONE,BOONE,GPE,-0.09722222,0.22222222,en,1.00000000,4085303-2,4381982,P,38.95171,-92.33407,NORTH-AMERICA,United States,CNA
BATON ROUGE,BATON ROUGE,GPE,-0.05000000,0.05000000,en,1.00000000,,0,,,,,,
the Yukon-Kuskokwim Delta,the Yukon-Kuskokwim Delta,LOC,0.10000000,0.40000000,en,1.00000000,,0,,,,,,
Western Alaskas,Western Alaskas,LOC,0.15000000,0.50000000,en,1.00000000,,0,,,,,,
Akiak,Akiak,GPE,-0.40000000,0.60000000,en,1.00000000,,0,,,,,,
FORT COLLINS,FORT COLLINS,GPE,0.50000000,0.50000000,en,1.00000000,,0,,,,,,
Colo.,Colo.,GPE,1.00000000,1.00000000,en,1.00000000,,0,,,,,,
Southwest US,Southwest US,LOC,-0.20000000,0.40000000,en,1.00000000,,0,,,,,,
Tiwi Islands,Tiwi Islands,GPE,0.00000000,0.00000000,en,1.00000000,,7839409,A,-11.55324,130.78178,OCEANIA,Australia,NAU
West Arnhem Land,West Arnhem Land,LOC,0.00000000,0.00000000,en,1.00000000,,0,,,,,,
The Tiwi Islands,The Tiwi Islands,LOC,0.00000000,0.00000000,en,1.00000000,,0,,,,,,
Mexicos Pacific coast,Mexicos Pacific coast,LOC,0.00000000,0.00000000,en,1.00000000,,0,,,,,,
West Pacific,West Pacific,LOC,-0.06250000,0.57083333,en,1.00000000,,0,,,,,,
Silicon Valley,Silicon Valley,LOC,-0.11388889,0.17222222,en,1.00000000,4107751-9,6940309,L,37.37,-122.04,NORTH-AMERICA,United States,WNA
San Francisco's,San Francisco's,GPE,-0.06250000,0.57083333,en,1.00000000,,0,,,,,,
Hurricane Florence,Hurricane Florence,GPE,0.00000000,0.00000000,en,1.00000000,,4068650,S,34.8837,-87.27169,NORTH-AMERICA,United States,ENA
Western Australi,Western Australi,LOC,0.00000000,0.00000000,en,1.00000000,4232458-0,2063523,P,-31.95224,115.8614,OCEANIA,Australia,SAU
Austin Peay,Austin Peay,GPE,0.00000000,0.00000000,en,1.00000000,,4603388,S,36.53332,-87.35408,NORTH-AMERICA,United States,ENA
Typhoon Matmo,Typhoon Matmo,GPE,0.25000000,0.68333333,en,1.00000000,,0,,,,,,
the Tennessee River,the Tennessee River,LOC,0.20000000,1.00000000,en,1.00000000,,0,,,,,,
the Atlantic Oceanand,the Atlantic Oceanand,LOC,0.33409091,0.73863636,en,1.00000000,,0,,,,,,
LOUISVILLE,LOUISVILLE,GPE,0.00000000,0.10000000,en,1.00000000,,0,,,,,,
Mediterranean,Mediterranean,LOC,0.30000000,0.45000000,en,1.00000000,,0,,,,,,
Formentera,Formentera,GPE,0.00000000,0.03333333,en,1.00000000,,0,,,,,,
Ibiza,Ibiza,GPE,0.16666667,0.53333333,en,1.00000000,,0,,,,,,
Storm Bualoi,Storm Bualoi,LOC,-0.20000000,0.00000000,en,1.00000000,,0,,,,,,
the Van Diemen Gulf,the Van Diemen Gulf,LOC,0.00000000,0.00000000,en,1.00000000,,0,,,,,,
the Nolichucky River,the Nolichucky River,LOC,0.00000000,0.25000000,en,1.00000000,,0,,,,,,
Bay,Bay,LOC,0.15000000,0.40000000,en,1.00000000,,0,,,,,,
Tenn.,Tenn.,GPE,0.00000000,0.10000000,en,1.00000000,,0,,,,,,
threesystem,threesystem,GPE,0.05000000,0.50000000,en,1.00000000,,0,,,,,,
ERWIN,ERWIN,GPE,0.00000000,0.00000000,en,1.00000000,,0,,,,,,
Appalachian,Appalachian,GPE,0.23333333,0.40000000,en,1.00000000,,0,,,,,,
Tropical Storm Imelda,Tropical Storm Imelda,LOC,-0.12500000,0.17500000,en,1.00000000,,0,,,,,,
Korea,Korea,GPE,0.00000000,0.00000000,en,1.00000000,,0,,,,,,
Puerto Vallarta,Puerto Vallarta,GPE,0.00000000,0.00000000,en,1.00000000,,0,,,,,,
New Mexico,New Mexico,GPE,-0.03181818,0.42727273,en,1.00000000,,0,,,,,,
Rhode Island,Rhode Island,GPE,0.17777778,0.74444444,en,1.00000000,,0,,,,,,
the Windward Island,the Windward Island,LOC,-0.10000000,0.10000000,en,1.00000000,,0,,,,,,
the Pacific coast,the Pacific coast,LOC,0.00000000,0.00000000,en,1.00000000,,0,,,,,,
Typhoon Halong Historic,Typhoon Halong Historic,GPE,-0.10000000,0.28000000,en,1.00000000,,0,,,,,,
Alaska Native,Alaska Native,GPE,0.08000000,0.30333333,en,1.00000000,,0,,,,,,
JUNEAU,JUNEAU,GPE,0.36708333,0.66208333,en,1.00000000,,0,,,,,,
Chilean Patagonia,Chilean Patagonia,GPE,-0.10000000,0.00000000,en,1.00000000,,0,,,,,,
Poza Rica,Poza Rica,GPE,0.16666667,0.27222222,en,1.00000000,,0,,,,,,
Typhoon Halong's,Typhoon Halong's,GPE,0.25000000,0.50000000,en,1.00000000,,0,,,,,,
Sunshine State,Sunshine State,GPE,0.50000000,0.60000000,en,1.00000000,,0,,,,,,
Patagonia,Patagonia,GPE,0.20000000,0.50000000,en,1.00000000,,0,,,,,,
POZA RICA,POZA RICA,GPE,-0.18750000,0.50000000,en,1.00000000,,0,,,,,,
Yukon-Kuskokwim Delta,Yukon-Kuskokwim Delta,LOC,0.05000000,0.78000000,en,1.00000000,,0,,,,,,
Kipnuk,Kipnuk,GPE,0.00000000,0.00000000,en,1.00000000,,0,,,,,,
batters East Coast,batters East Coast,LOC,-0.02000000,0.52000000,en,1.00000000,,0,,,,,,
Desert Southwest,Desert Southwest,LOC,-0.03181818,0.42727273,en,1.00000000,,0,,,,,,
Valley,Valley,LOC,0.00000000,0.00000000,en,1.00000000,,0,,,,,,
Kwigillingok,Kwigillingok,GPE,-0.25000000,0.22500000,en,1.00000000,,0,,,,,,
Hurricane Sandy,Hurricane Sandy,LOC,0.25000000,0.75000000,en,1.00000000,,4201829,T,34.16149,-84.74466,NORTH-AMERICA,United States,ENA
Alaskas,Alaskas,GPE,-0.08333333,0.56666667,en,1.00000000,,0,,,,,,
Oklahoma State,Oklahoma State,GPE,0.30000000,0.50000000,en,1.00000000,4043423-0,4544349,P,35.46756,-97.51643,NORTH-AMERICA,United States,CNA
The Northern Territory,The Northern Territory,LOC,0.30000000,0.90000000,en,1.00000000,,4714582,P,29.59412,-95.68078,NORTH-AMERICA,United States,CNA
Batters East Coast,Batters East Coast,LOC,0.30000000,1.00000000,en,1.00000000,,0,,,,,,
Arctic,Arctic,LOC,0.00000000,0.00000000,en,1.00000000,,0,,,,,,
Last Frontier,Last Frontier,GPE,0.00000000,0.03333333,en,1.00000000,,0,,,,,,
Western Alaska,Western Alaska,LOC,-0.35000000,1.00000000,en,1.00000000,,0,,,,,,
NEW MEXICO,NEW MEXICO,GPE,-0.08181818,0.42727273,en,1.00000000,,0,,,,,,
SAN JUAN COUNTY,SAN JUAN COUNTY,GPE,-0.08181818,0.42727273,en,1.00000000,,0,,,,,,
the Desert Southwest,the Desert Southwest,LOC,-0.16363636,0.85454545,en,1.00000000,,0,,,,,,
Hispan,Hispan,GPE,-0.36666667,0.56666667,en,1.00000000,,0,,,,,,
Central Asia,Central Asia,LOC,0.16666667,0.49444444,en,1.00000000,,0,,,,,,
the Dominican Republic …,the Dominican Republic …,GPE,-0.07916667,0.43333333,en,1.00000000,,0,,,,,,
Argentina,Argentina,GPE,0.00000000,0.00000000,en,1.00000000,,0,,,,,,
Niagara,Niagara,GPE,0.00000000,0.00000000,en,1.00000000,,0,,,,,,
Cebu City,Cebu City,GPE,0.17500000,0.57500000,en,1.00000000,,0,,,,,,
Port Hedland,Port Hedland,GPE,0.00000000,0.00000000,en,1.00000000,1213932335,7839630,A,-20.79258,118.63264,OCEANIA,Australia,CAU
Black River Market,Black River Market,LOC,-0.12500000,0.28333333,en,1.00000000,,0,,,,,,
KXAN,KXAN,GPE,-0.08750000,0.31333333,en,1.00000000,,0,,,,,,
Typhoon Lagoon,Typhoon Lagoon,LOC,-0.10000000,0.10000000,en,1.00000000,,6620642,L,28.36584,-81.52961,NORTH-AMERICA,United States,ENA
St. Marys,St. Marys,GPE,1.00000000,1.00000000,en,1.00000000,,0,,,,,,
Ohio,Ohio,GPE,-0.30000000,0.40000000,en,1.00000000,,0,,,,,,
Cienfuegos,Cienfuegos,GPE,0.00000000,0.00000000,en,1.00000000,4540917-1,3564124,P,22.14681,-80.4481,CENTRAL-AMERICA,Cuba,CAR
"Typhoon Lagoon
","Typhoon Lagoon
",LOC,0.50000000,0.50000000,en,1.00000000,,6620642,L,28.36584,-81.52961,NORTH-AMERICA,United States,ENA
East Sea,East Sea,LOC,0.21666667,0.36666667,en,1.00000000,,10922499,L,41.25206,36.96073,EUROPE-AFRICA,Turkey,MED
the Miami Hurricanes,the Miami Hurricanes,LOC,-0.29166667,0.54166667,en,1.00000000,,0,,,,,,
Stung Treng,Stung Treng,GPE,-0.40000000,0.60000000,en,1.00000000,,0,,,,,,
Qui,Qui,GPE,0.00000000,0.15000000,en,1.00000000,,0,,,,,,
Longwood,Longwood,GPE,0.00000000,0.00000000,en,1.00000000,,0,,,,,,
COCONUT CREEK,COCONUT CREEK,GPE,0.24375000,0.51875000,en,1.00000000,,0,,,,,,
"Northeast
","Northeast
",LOC,0.00000000,1.00000000,en,1.00000000,,0,,,,,,
Cambodia,Cambodia,GPE,-0.40000000,0.60000000,en,1.00000000,,0,,,,,,
Gia Lai province,Gia Lai province,GPE,0.00000000,0.25000000,en,1.00000000,,0,,,,,,
Western Jamaica,Western Jamaica,LOC,0.00000000,0.00000000,en,1.00000000,,0,,,,,,
Prague,Prague,GPE,0.10909091,0.33863636,en,1.00000000,4076310-9,3067696,P,50.08804,14.42076,EUROPE,Czechia,WCE
BLACK RIVER,BLACK RIVER,LOC,0.02000000,0.41000000,en,1.00000000,,0,,,,,,
Caribbean islands,Caribbean islands,LOC,0.07222222,0.74444444,en,1.00000000,,0,,,,,,
Caribbean COCONUT CREEK,Caribbean COCONUT CREEK,LOC,0.03333333,0.60000000,en,1.00000000,,3580607,T,19.3465,-81.08915,CENTRAL-AMERICA,Cayman Islands,CAR
Typhoon Uwan,Typhoon Uwan,GPE,0.00000000,0.00000000,en,1.00000000,,0,,,,,,
U.K.,U.K.,GPE,0.00000000,0.00000000,en,1.00000000,,0,,,,,,
New York Citys,New York Citys,GPE,0.02911932,0.33716856,en,1.00000000,,0,,,,,,
New York City’s,New York City’s,GPE,0.02911932,0.33716856,en,1.00000000,,0,,,,,,
Queens,Queens,GPE,0.06818182,0.25227273,en,1.00000000,,0,,,,,,
Northeast Pacifi,Northeast Pacifi,LOC,0.02495591,0.29409171,en,1.00000000,,0,,,,,,
Native Alaska,Native Alaska,LOC,0.00000000,0.00000000,en,1.00000000,,0,,,,,,
Westmoreland Parish,Westmoreland Parish,GPE,-0.05000000,0.08333333,en,1.00000000,,0,,,,,,
Typhoon Kalmaegi,Typhoon Kalmaegi,LOC,0.00000000,0.00000000,en,1.00000000,,0,,,,,,
Whitehouse,Whitehouse,GPE,-0.05000000,0.08333333,en,1.00000000,,0,,,,,,
Westmoreland,Westmoreland,GPE,-0.05000000,0.08333333,en,1.00000000,,0,,,,,,
Six Flags America,Six Flags America,LOC,0.00000000,0.13333333,en,1.00000000,,0,,,,,,
Bowie,Bowie,GPE,0.00000000,0.06666667,en,1.00000000,,0,,,,,,
ST,ST,GPE,0.23030303,0.56212121,en,1.00000000,,0,,,,,,
NEW HOLLAND,NEW HOLLAND,GPE,0.23030303,0.56212121,en,1.00000000,,0,,,,,,
Typhoon Kalmaegis,Typhoon Kalmaegis,LOC,-0.10000000,0.40000000,en,1.00000000,,0,,,,,,
Antarctic glacier's,Antarctic glacier's,LOC,-0.10000000,0.60000000,en,1.00000000,,0,,,,,,
the Antarctic Peninsula,the Antarctic Peninsula,LOC,0.00000000,0.00000000,en,1.00000000,,0,,,,,,
St. Elizabeth …,St. Elizabeth …,GPE,0.00000000,0.30000000,en,1.00000000,,0,,,,,,
KINGSTON,KINGSTON,GPE,0.00000000,0.00000000,en,1.00000000,,0,,,,,,
Hektoria glacier,Hektoria glacier,LOC,0.15833333,0.45833333,en,1.00000000,,0,,,,,,
Antarctic,Antarctic,LOC,0.15833333,0.45833333,en,1.00000000,,0,,,,,,
far north coastline,far north coastline,LOC,0.05000000,0.50000000,en,1.00000000,,0,,,,,,
Northern Hemisphere,Northern Hemisphere,LOC,0.00000000,0.00000000,en,1.00000000,,0,,,,,,
MONTEGO BAY,MONTEGO BAY,LOC,0.00000000,0.00000000,en,1.00000000,,0,,,,,,
Mayorga,Mayorga,GPE,0.02500000,0.62500000,en,1.00000000,,0,,,,,,
Puerto Rico's,Puerto Rico's,GPE,-0.50000000,1.00000000,en,1.00000000,,0,,,,,,
OMAHA,OMAHA,GPE,0.50833333,0.55000000,en,1.00000000,,0,,,,,,
the North Atlantic - Yale Climate Connections,the North Atlantic - Yale Climate Connections,LOC,-0.60000000,1.00000000,en,1.00000000,,0,,,,,,
Panama,Panama,GPE,-0.07142857,0.14285714,en,1.00000000,4044445-4,3703430,A,9.0,-80.0,CENTRAL-AMERICA,Panama,SCA
Woodside,Woodside,GPE,0.06818182,0.25227273,en,1.00000000,,0,,,,,,
Puerto Rico’s,Puerto Rico’s,GPE,-0.50000000,1.00000000,en,1.00000000,,0,,,,,,
Halong,Halong,GPE,0.16666667,0.33333333,en,1.00000000,,0,,,,,,
Auckland,Auckland,GPE,0.13636364,0.45454545,en,1.00000000,,0,,,,,,
Türkiye,Türkiye,GPE,0.61212121,0.67373737,en,1.00000000,,0,,,,,,
the Atlantic Hurrican,the Atlantic Hurrican,LOC,0.00000000,0.00000000,en,1.00000000,,0,,,,,,
Amazon,Amazon,LOC,0.00000000,0.00000000,en,1.00000000,,0,,,,,,
World Meteo…,World Meteo…,GPE,-0.43437500,0.67500000,en,1.00000000,,0,,,,,,
the Republic of Türkiye,the Republic of Türkiye,GPE,0.00000000,0.00000000,en,1.00000000,,0,,,,,,
the Republic of Türkiye,the Republic of Türkiye,GPE,0.50000000,0.50000000,en,1.00000000,,5404004,P,36.17106,-120.22209,NORTH-AMERICA,United States,WNA
the United Kingdom,the United Kingdom,GPE,0.00000000,0.00000000,en,1.00000000,4022153-2,2635167,A,54.75844,-2.69531,EUROPE,United Kingdom,NEU
Tripadvisor,Tripadvisor,GPE,0.45666667,0.43666667,en,1.00000000,,0,,,,,,
Southern U.S.,Southern U.S.,LOC,0.30000000,0.45000000,en,1.00000000,,0,,,,,,
LAKE SUPERIOR,LAKE SUPERIOR,GPE,-0.01666667,0.88333333,en,1.00000000,,0,,,,,,
Viet Nam,Viet Nam,GPE,0.42500000,0.52500000,en,1.00000000,,0,,,,,,
Geneva,Geneva,GPE,0.42500000,0.52500000,en,1.00000000,,0,,,,,,
SPRINGS,SPRINGS,GPE,-0.25000000,0.40000000,en,1.00000000,,0,,,,,,
Indonesias Sumatra,Indonesias Sumatra,GPE,0.10000000,0.36666667,en,1.00000000,,0,,,,,,
Viet Nam’s,Viet Nam’s,GPE,0.37500000,0.37500000,en,1.00000000,,0,,,,,,
Ankara ANKARA,Ankara ANKARA,GPE,0.00000000,0.00000000,en,1.00000000,4002075-7,323786,P,39.91987,32.85427,EUROPE-AFRICA,Turkey,MED
the South East Asian,the South East Asian,LOC,0.00000000,0.00000000,en,1.00000000,,0,,,,,,
Cagayan,Cagayan,GPE,0.00000000,0.00000000,en,1.00000000,4085111-4,1680932,P,17.61577,121.72285,ASIA,Philippines,SEA
Tuguegarao City,Tuguegarao City,GPE,0.00000000,0.00000000,en,1.00000000,,1680932,P,17.61577,121.72285,ASIA,Philippines,SEA
PETIT GOAVE,PETIT GOAVE,GPE,-0.00892857,0.28214286,en,1.00000000,,3718962,P,18.43117,-72.86521,CENTRAL-AMERICA,Haiti,CAR
Connecticut,Connecticut,GPE,0.14954545,0.54181818,en,1.00000000,4010487-4,4831725,A,41.66704,-72.66648,NORTH-AMERICA,United States,ENA
the Lucayan Archipelago,the Lucayan Archipelago,GPE,0.30000000,0.63333333,en,1.00000000,,0,,,,,,
Florida Everglades,Florida Everglades,GPE,-0.10000000,0.05000000,en,1.00000000,,0,,,,,,
Kingston,Kingston,GPE,-0.60000000,0.60000000,en,1.00000000,,0,,,,,,
the Western Atlantic,the Western Atlantic,LOC,-0.18500000,0.52500000,en,1.00000000,,0,,,,,,
Oldeconomybuy,Oldeconomybuy,GPE,0.00000000,0.00000000,en,1.00000000,,0,,,,,,
Melissas,Melissas,LOC,0.10833333,0.53333333,en,1.00000000,,0,,,,,,
the Amazon River,the Amazon River,LOC,0.00000000,0.00000000,en,1.00000000,,0,,,,,,
Phillippines,Phillippines,GPE,-0.20000000,0.40000000,en,1.00000000,,0,,,,,,
Miss.,Miss.,GPE,-0.40000000,0.53333333,en,1.00000000,,0,,,,,,
New Hope,New Hope,GPE,0.23636364,0.85454545,en,1.00000000,,0,,,,,,
Quinhagak,Quinhagak,GPE,-0.05333333,0.31333333,en,1.00000000,,0,,,,,,
Mindanao,Mindanao,GPE,0.00000000,0.00000000,en,1.00000000,,0,,,,,,
Camp Osborn,Camp Osborn,GPE,0.02222222,0.53333333,en,1.00000000,,4439964,P,33.52151,-88.72227,NORTH-AMERICA,United States,ENA
Sea,Sea,LOC,0.18750000,0.41250000,en,1.00000000,,0,,,,,,
Malacca,Malacca,GPE,0.00000000,0.00000000,en,1.00000000,,0,,,,,,
Supertyphoon Approaches,Supertyphoon Approaches,GPE,0.00000000,0.00000000,en,1.00000000,,0,,,,,,
Strait,Strait,LOC,0.00000000,0.00000000,en,1.00000000,,0,,,,,,
Yunnan Province,Yunnan Province,GPE,0.00000000,0.00000000,en,1.00000000,,0,,,,,,
Luzon Island,Luzon Island,GPE,0.33333333,0.66666667,en,1.00000000,,0,,,,,,
Island,Island,LOC,0.01428571,0.39285714,en,1.00000000,,0,,,,,,
the Bahamas Octo,the Bahamas Octo,LOC,-0.15555556,0.28888889,en,1.00000000,,0,,,,,,
St. Elizabeth,St. Elizabeth,GPE,0.14696970,0.82878788,en,1.00000000,,0,,,,,,
Mandeville,Mandeville,GPE,0.50000000,0.50000000,en,1.00000000,,0,,,,,,
SANTIAGO DE CUBA,SANTIAGO DE CUBA,GPE,0.00000000,0.00000000,en,1.00000000,,0,,,,,,
the Philippine Sea,the Philippine Sea,LOC,0.04444444,0.33888889,en,1.00000000,,7733161,L,15.175,140.5,PACIFIC,Northern Mariana Islands,NPO
Mountain,Mountain,LOC,0.00000000,0.00000000,en,1.00000000,,0,,,,,,
Havana,Havana,GPE,0.00000000,0.00000000,en,1.00000000,,0,,,,,,
Jamaic,Jamaic,GPE,-0.10000000,0.70000000,en,1.00000000,,0,,,,,,
Western Cuba,Western Cuba,LOC,0.00000000,0.00000000,en,1.00000000,,0,,,,,,
Brazil,Brazil,GPE,-0.20000000,0.40000000,en,1.00000000,,0,,,,,,
recordis,recordis,GPE,0.00000000,0.00000000,en,1.00000000,,0,,,,,,
BAHAMAS,BAHAMAS,GPE,0.02083333,0.16666667,en,1.00000000,,0,,,,,,
Valencia,Valencia,GPE,0.10000000,0.40000000,en,1.00000000,,0,,,,,,
Jamaicas southwest,Jamaicas southwest,LOC,0.00000000,0.00000000,en,1.00000000,,0,,,,,,
Little Jamaica,Little Jamaica,GPE,0.25625000,0.65000000,en,1.00000000,,3489735,T,17.8057,-77.02003,CENTRAL-AMERICA,Jamaica,CAR
the Atlantic Basin,the Atlantic Basin,LOC,0.71250000,1.81333333,en,1.00000000,,0,,,,,,
Townsville,Townsville,GPE,-0.25000000,0.40000000,en,1.00000000,,0,,,,,,
AUSTIN,AUSTIN,GPE,-0.08750000,0.31333333,en,1.00000000,,0,,,,,,
The East Coast,The East Coast,LOC,-0.11590909,0.38863636,en,1.00000000,,0,,,,,,
Tennessee Valley,Tennessee Valley,LOC,0.00000000,0.00000000,en,1.00000000,4119558-9,4641495,P,35.1959,-85.18468,NORTH-AMERICA,United States,ENA
the Tennessee Valley,the Tennessee Valley,LOC,-0.25000000,0.50000000,en,1.00000000,,4641495,P,35.1959,-85.18468,NORTH-AMERICA,United States,ENA
MYRTLE BEACH,MYRTLE BEACH,GPE,0.05333333,0.51333333,en,1.00000000,,4589446,P,33.81601,-78.68002,NORTH-AMERICA,United States,ENA
S.C.,S.C.,GPE,0.05333333,0.51333333,en,1.00000000,,4041549,S,15.11772,145.72609,PACIFIC,Northern Mariana Islands,NPO
U.S.A.,U.S.A.,GPE,0.16666667,0.33333333,en,1.00000000,4003217-6,6255147,L,29.84064,89.29688,ASIA,China,TIB
Floridas Big Bend,Floridas Big Bend,GPE,0.25500000,0.60833333,en,1.00000000,,0,,,,,,
Southeast ASHEVILLE,Southeast ASHEVILLE,GPE,0.01071429,0.33928571,en,1.00000000,,9858760,S,35.57054,-82.50894,NORTH-AMERICA,United States,ENA
McDill AFB,McDill AFB,GPE,0.00000000,0.00000000,en,1.00000000,,0,,,,,,
the Southeastern U.S.,the Southeastern U.S.,LOC,-0.06666667,0.03333333,en,1.00000000,,0,,,,,,
BREVARD COUNTY,BREVARD COUNTY,GPE,0.08000000,0.32000000,en,1.00000000,,4163971,P,28.08363,-80.60811,NORTH-AMERICA,United States,ENA
Okeechobee City,Okeechobee City,GPE,0.00000000,0.06666667,en,1.00000000,,7169996,A,27.24118,-80.82983,NORTH-AMERICA,United States,ENA
Khaosiung,Khaosiung,GPE,0.00000000,0.35000000,en,1.00000000,,0,,,,,,
Typhoon Krathon…,Typhoon Krathon…,GPE,0.00000000,0.00000000,en,1.00000000,,0,,,,,,
Pingtung county,Pingtung county,GPE,-0.29166667,0.54166667,en,1.00000000,,0,,,,,,
the Central Atlantic,the Central Atlantic,LOC,0.00000000,0.32500000,en,1.00000000,,4847395,S,41.40721,-95.04666,NORTH-AMERICA,United States,CNA
Florida Peninsula,Florida Peninsula,LOC,0.06666667,0.40000000,en,1.00000000,,0,,,,,,
ORLEAN,ORLEAN,GPE,0.13636364,0.45454545,en,1.00000000,,0,,,,,,
NEW ORLEANS,NEW ORLEANS,GPE,0.13636364,0.45454545,en,1.00000000,,0,,,,,,
Big Bend,Big Bend,GPE,0.03333333,0.50000000,en,1.00000000,,0,,,,,,
the Aucilla River,the Aucilla River,LOC,0.03333333,0.50000000,en,1.00000000,,0,,,,,,
Sinaloa,Sinaloa,GPE,-0.05000000,0.05000000,en,1.00000000,,0,,,,,,
Sa…,Sa…,GPE,-0.05000000,0.05000000,en,1.00000000,,0,,,,,,
La…,La…,GPE,-0.33333333,0.53333333,en,1.00000000,,0,,,,,,
Southeast Asia's,Southeast Asia's,LOC,-0.25000000,0.25000000,en,1.00000000,4034571-3,1655842,A,18.0,105.0,ASIA,Laos,SEA
Southeast A…,Southeast A…,LOC,-0.09393939,0.35353535,en,1.00000000,,0,,,,,,
Typhoon Yagi's,Typhoon Yagi's,LOC,-0.25000000,0.25000000,en,1.00000000,,0,,,,,,
SE Asia,SE Asia,LOC,0.00000000,0.00000000,en,1.00000000,,11875157,A,22.19389,113.55103,ASIA,Macao,EAS
UNICEF,UNICEF,GPE,0.00000000,0.00000000,en,1.00000000,,10626187,L,42.35061,13.40565,EUROPE-AFRICA,Italy,MED
SanitationThe,SanitationThe,GPE,-0.20000000,0.50000000,en,1.00000000,,0,,,,,,
Mandalay,Mandalay,GPE,0.00000000,0.00000000,en,1.00000000,4037295-9,1311874,P,21.97473,96.08359,ASIA,Myanmar,SAS
Pacific island,Pacific island,LOC,0.17500000,0.36666667,en,1.00000000,,1862185,T,36.0,138.0,ASIA,Japan,EAS
Palau,Palau,GPE,0.17500000,0.36666667,en,1.00000000,4044396-6,1559582,A,7.503,134.621,PACIFIC,Palau,EPO
recor,recor,GPE,0.00000000,0.00000000,en,1.00000000,,0,,,,,,
Apalachee Bay,Apalachee Bay,LOC,0.16666667,0.33333333,en,1.00000000,,0,,,,,,
the Iberian Peninsula,the Iberian Peninsula,LOC,-0.10000000,0.40000000,en,1.00000000,,0,,,,,,
the Tampa Bay Area,the Tampa Bay Area,LOC,0.00000000,0.00000000,en,1.00000000,,0,,,,,,
West Coast,West Coast,LOC,0.00000000,0.00000000,en,1.00000000,,12492673,L,39.28,-155.26,PACIFIC,United States,NPO
the Gulf of Mexic,the Gulf of Mexic,LOC,0.00000000,0.00000000,en,1.00000000,,0,,,,,,
ATLANTA,ATLANTA,GPE,0.10000000,1.00000000,en,1.00000000,4086063-2,4180439,P,33.749,-84.38798,NORTH-AMERICA,United States,ENA
Universal Orlando,Universal Orlando,GPE,0.00000000,0.00000000,en,1.00000000,,6949561,L,28.4744,-81.4683,NORTH-AMERICA,United States,ENA
Sarasota Country,Sarasota Country,GPE,-0.01250000,0.38750000,en,1.00000000,,0,,,,,,
St. Petersburg Area,St. Petersburg Area,GPE,-0.37500000,0.45000000,en,1.00000000,,12213342,L,28.12342,-82.52853,NORTH-AMERICA,United States,ENA
Floridacausing,Floridacausing,GPE,0.50000000,0.50000000,en,1.00000000,,0,,,,,,
the Western Caribbean,the Western Caribbean,LOC,-0.01272727,0.51090909,en,1.00000000,,12122591,L,10.71246,-70.02821,SOUTH-AMERICA,Venezuela,NSA
Typh,Typh,GPE,0.00000000,0.00000000,en,1.00000000,,7537034,H,35.88265,66.4964,ASIA,Afghanistan,WCA
Latin America,Latin America,LOC,-0.05000000,0.05000000,en,1.00000000,,0,,,,,,
Anna Maria Island,Anna Maria Island,GPE,0.00000000,0.00000000,en,1.00000000,,0,,,,,,
Western Florida,Western Florida,LOC,0.02500000,0.33750000,en,1.00000000,,3637921,L,10.30482,-68.41222,SOUTH-AMERICA,Venezuela,NSA
Tropical,Tropical,LOC,-0.10000000,0.10000000,en,1.00000000,,11523972,L,-16.56884,142.4846,OCEANIA,Australia,NAU
Stuart,Stuart,GPE,-0.23333333,0.28888889,en,1.00000000,,4877761,P,41.50332,-94.31857,NORTH-AMERICA,United States,CNA
Magic Kingdom Sells Out Weekend Reservations,Magic Kingdom Sells Out Weekend Reservations,GPE,0.25000000,0.58750000,en,1.00000000,,0,,,,,,
Hurrican,Hurrican,GPE,0.20000000,0.30000000,en,1.00000000,,4115723,H,35.12654,-91.16235,NORTH-AMERICA,United States,CNA
Hillsborough County,Hillsborough County,GPE,0.00000000,0.10000000,en,1.00000000,4122651-3,4174757,P,27.94752,-82.45843,NORTH-AMERICA,United States,ENA
Blue Ridge Mountain,Blue Ridge Mountain,LOC,0.16666667,0.36666667,en,1.00000000,,3490278,T,18.08941,-76.63609,CENTRAL-AMERICA,Jamaica,CAR
North and South America,North and South America,GPE,0.50000000,0.90000000,en,1.00000000,,3398712,L,-4.0,-60.0,SOUTH-AMERICA,Brazil,NSA
St Petersburg,St Petersburg,GPE,0.00000000,0.00000000,en,1.00000000,2034200-7,498817,P,59.93863,30.31413,EUROPE,Russia,NEU
Fe,Fe,GPE,0.01250000,0.38000000,en,1.00000000,,0,,,,,,
Great Plains,Great Plains,GPE,0.00000000,0.87500000,en,1.00000000,4072020-2,12212750,L,42.58598,-100.51728,NORTH-AMERICA,United States,CNA
The United States (US,The United States (US,GPE,0.00000000,0.10000000,en,1.00000000,,11887752,L,33.45876,-90.15081,NORTH-AMERICA,United States,CNA
Typhoon Julian,Typhoon Julian,GPE,0.00000000,0.10000000,en,1.00000000,,0,,,,,,
Atlantic Canada ',Atlantic Canada ',LOC,0.00000000,0.00000000,en,1.00000000,,0,,,,,,
Florida Gulf,Florida Gulf,LOC,-0.02222222,0.12222222,en,1.00000000,,12217087,L,26.5,-81.0,NORTH-AMERICA,United States,ENA
United S,United S,GPE,0.00000000,0.00000000,en,1.00000000,,1738227,S,2.223,102.318,ASIA,Malaysia,SEA
RATON,RATON,GPE,0.00000000,0.00000000,en,1.00000000,4194370-3,4148411,P,26.35869,-80.0831,NORTH-AMERICA,United States,ENA
FL,FL,GPE,0.00000000,0.00000000,en,1.00000000,,12213342,L,28.12342,-82.52853,NORTH-AMERICA,United States,ENA
the Gulf Of Mexico,the Gulf Of Mexico,LOC,-0.05000000,0.05000000,en,1.00000000,,0,,,,,,
the Southernmost Point Buoy,the Southernmost Point Buoy,LOC,0.16666667,0.50000000,en,1.00000000,,0,,,,,,
Key West,Key West,GPE,0.16666667,0.50000000,en,1.00000000,,12213701,L,25.10152,-80.81417,NORTH-AMERICA,United States,ENA
North Carolina Family,North Carolina Family,GPE,-0.75000000,0.85000000,en,1.00000000,,7307438,S,34.88449,-81.118,NORTH-AMERICA,United States,ENA
Singapore,Singapore,GPE,0.05000000,0.70000000,en,1.00000000,4055089-8,1880252,P,1.28967,103.85007,ASIA,Singapore,SEA
"Hurricane Milton Destroys Homes,","Hurricane Milton Destroys Homes,",GPE,0.00000000,0.00000000,en,1.00000000,,0,,,,,,
Jupiter,Jupiter,LOC,-0.04000000,0.63000000,en,1.00000000,,0,,,,,,
U.S. South,U.S. South,GPE,-0.10000000,0.20000000,en,1.00000000,,0,,,,,,
southeast Asia,southeast Asia,LOC,0.00000000,0.00000000,en,1.00000000,,0,,,,,,
New Delhi,New Delhi,GPE,0.06818182,0.27727273,en,1.00000000,,0,,,,,,
landsli,landsli,GPE,0.00000000,0.00000000,en,1.00000000,,0,,,,,,
North Queensland,North Queensland,GPE,0.35250000,0.51000000,en,1.00000000,,11523972,L,-16.56884,142.4846,OCEANIA,Australia,NAU
northern coast,northern coast,LOC,0.43333333,0.73333333,en,1.00000000,,12212303,L,37.02332,-77.36954,NORTH-AMERICA,United States,ENA
Northern Madagascar,Northern Madagascar,GPE,0.00000000,0.00000000,en,1.00000000,,9057456,T,58.98708,10.03444,EUROPE,Norway,NEU
flo…,flo…,GPE,-0.16250000,0.43750000,en,1.00000000,,0,,,,,,
Dar es Salaam,Dar es Salaam,GPE,0.00000000,0.00000000,en,1.00000000,4090903-7,160263,P,-6.82349,39.26951,AFRICA,Tanzania,SEAF
Ke… Dar es Salaam,Ke… Dar es Salaam,GPE,-0.20000000,0.50000000,en,1.00000000,,0,,,,,,
the National Ocean,the National Ocean,LOC,0.00000000,0.00000000,en,1.00000000,,0,,,,,,
The Atlantic Ocean,The Atlantic Ocean,LOC,0.00000000,0.00000000,en,1.00000000,,0,,,,,,
Central,Central,LOC,-0.11388889,0.28472222,en,1.00000000,,12217848,L,50.28762,15.1903,EUROPE,Czechia,WCE
Aventura,Aventura,GPE,0.00000000,0.00000000,en,1.00000000,,0,,,,,,
South Texas,South Texas,LOC,0.25000000,0.33333333,en,1.00000000,,0,,,,,,
Biden,Biden,GPE,0.00000000,0.00000000,en,1.00000000,,2303056,P,5.22905,-1.00812,AFRICA,Ghana,WAF
the West Indies,the West Indies,LOC,-0.10000000,0.25000000,en,1.00000000,,0,,,,,,
Catego,Catego,GPE,-0.14375000,0.57500000,en,1.00000000,,0,,,,,,
Dominica,Dominica,GPE,-0.20000000,0.50000000,en,1.00000000,4085456-5,3575830,A,15.5,-61.33333,CENTRAL-AMERICA,Dominica,CAR
Martinique,Martinique,GPE,-0.20000000,0.50000000,en,1.00000000,4037735-0,3570311,A,14.66667,-61.0,CENTRAL-AMERICA,Martinique,CAR
LNG,LNG,GPE,0.10000000,0.38333333,en,1.00000000,,7542068,T,32.03633,49.72512,ASIA,Iran,WCA
UNITED STATES - AUGUST,UNITED STATES - AUGUST,GPE,0.00000000,0.30000000,en,1.00000000,,5325256,P,37.97881,-121.26217,NORTH-AMERICA,United States,WNA
the southeast Caribbean,the southeast Caribbean,LOC,0.19250000,0.31333333,en,1.00000000,,0,,,,,,
Tacloban,Tacloban,LOC,0.00000000,0.25000000,en,1.00000000,4499439-4,1684712,P,11.24333,125.00472,ASIA,Philippines,SEA
Kent,Kent,GPE,-0.15555556,0.28888889,en,1.00000000,4030253-2,5799625,P,47.38093,-122.23484,NORTH-AMERICA,United States,WNA
Scotland,Scotland,GPE,-0.15555556,0.28888889,en,1.00000000,4053233-1,5057190,A,40.4526,-92.14705,NORTH-AMERICA,United States,CNA
Cabo,Cabo,GPE,0.05000000,0.45000000,en,1.00000000,,1051823,A,-12.5,39.4,AFRICA,Mozambique,ESAF
the Steinhatchee River,the Steinhatchee River,LOC,0.00000000,0.00000000,en,1.00000000,,4174062,H,29.66578,-83.41569,NORTH-AMERICA,United States,ENA
Steinhatchee,Steinhatchee,GPE,0.00000000,0.00000000,en,1.00000000,,4174059,P,29.67106,-83.38764,NORTH-AMERICA,United States,ENA
the Mississippi River,the Mississippi River,LOC,0.00000000,0.30000000,en,1.00000000,,4333588,L,29.16689,-89.25033,NORTH-AMERICA,United States,ENA
Dhaka,Dhaka,GPE,0.00000000,0.00000000,en,1.00000000,4230727-2,1185241,P,23.7104,90.40744,ASIA,Bangladesh,SAS
Chittagong,Chittagong,GPE,0.06250000,0.50000000,en,1.00000000,4088876-9,1205733,P,22.3384,91.83168,ASIA,Bangladesh,SAS
Dhaka Bangladesh,Dhaka Bangladesh,GPE,0.06250000,0.50000000,en,1.00000000,4230727-2,1185241,P,23.7104,90.40744,ASIA,Bangladesh,SAS
the north east,the north east,LOC,0.00000000,0.00000000,en,1.00000000,,12212303,L,37.02332,-77.36954,NORTH-AMERICA,United States,ENA
the southwest Indian Ocean,the southwest Indian Ocean,LOC,0.00000000,0.00000000,en,1.00000000,,0,,,,,,
Port Louis,Port Louis,GPE,-0.15000000,0.30000000,en,1.00000000,4116066-6,934154,P,-20.16194,57.49889,INDIAN,Mauritius,SIO
Blackouts Across Europe,Blackouts Across Europe,LOC,0.00000000,0.00000000,en,1.00000000,,0,,,,,,
Tropical Cyclo… BRISBANE,Tropical Cyclo… BRISBANE,LOC,-0.04000000,0.36000000,en,1.00000000,,0,,,,,,
lan… BRISBANE,lan… BRISBANE,GPE,-0.15000000,0.35000000,en,1.00000000,,0,,,,,,
St. Lucia,St. Lucia,GPE,0.00000000,0.00000000,en,1.00000000,,0,,,,,,
First Atlantic Hurricane,First Atlantic Hurricane,LOC,-0.17500000,0.61666667,en,1.00000000,,0,,,,,,
Lao… Yangon,Lao… Yangon,GPE,-0.00833333,0.34166667,en,1.00000000,,0,,,,,,
MARSHFIELD,MARSHFIELD,GPE,-0.03232323,0.50707071,en,1.00000000,,5261969,P,44.66885,-90.1718,NORTH-AMERICA,United States,CNA
the Greater Antilles,the Greater Antilles,LOC,0.25000000,0.25000000,en,1.00000000,,0,,,,,,
Matlacha,Matlacha,GPE,0.70000000,0.80000000,en,1.00000000,,0,,,,,,
the eastern Gulf of Mexico,the eastern Gulf of Mexico,LOC,0.11818182,0.72727273,en,1.00000000,,0,,,,,,
Debby,Debby,GPE,0.00000000,0.00000000,en,1.00000000,,0,,,,,,
Tropical Storm Debby,Tropical Storm Debby,LOC,0.00000000,0.00000000,en,1.00000000,,0,,,,,,
Warm Gulf,Warm Gulf,LOC,0.60000000,0.60000000,en,1.00000000,,0,,,,,,
Cedar Key,Cedar Key,LOC,0.00000000,1.00000000,en,1.00000000,,4150358,L,29.15302,-83.04707,NORTH-AMERICA,United States,ENA
Florida Beaches,Florida Beaches,LOC,0.30000000,0.10000000,en,1.00000000,,7602002,S,30.3578,-85.79892,NORTH-AMERICA,United States,ENA
coke ashore,coke ashore,LOC,0.00000000,0.00000000,en,1.00000000,,0,,,,,,
Hoa B…,Hoa B…,GPE,-0.01666667,0.26666667,en,1.00000000,,0,,,,,,
Tropical Storm Francine,Tropical Storm Francine,LOC,-0.02121212,0.31818182,en,1.00000000,,0,,,,,,
METAIRIE,METAIRIE,GPE,0.00000000,0.00000000,en,1.00000000,,0,,,,,,
La.,La.,GPE,-0.05000000,0.05000000,en,1.00000000,,0,,,,,,
Accor,Accor,GPE,0.16666667,0.33333333,en,1.00000000,,10124586,S,1.24517,103.82791,ASIA,Singapore,SEA
Yangon,Yangon,GPE,0.08750000,0.51250000,en,1.00000000,4133122-9,1298824,P,16.80528,96.15611,ASIA,Myanmar,SEA
Barnet,Barnet,GPE,0.12500000,0.15833333,en,1.00000000,4261176-3,2656295,P,51.65,-0.2,EUROPE,United Kingdom,NEU
NH,NH,GPE,0.00000000,0.00000000,en,1.00000000,,12213178,L,42.5179,-71.02193,NORTH-AMERICA,United States,ENA
Carriacou island,Carriacou island,LOC,-0.60000000,0.90000000,en,1.00000000,,0,,,,,,
Saint Vincent,Saint Vincent,GPE,0.00000000,0.00000000,en,1.00000000,,0,,,,,,
Caribbean island,Caribbean island,LOC,-0.16666667,1.70000000,en,1.00000000,,0,,,,,,
Israel,Israel,GPE,0.68000000,1.97000000,en,1.00000000,,0,,,,,,
Atlanti,Atlanti,GPE,-0.65000000,0.80000000,en,1.00000000,4003388-0,3373405,H,10.0,-25.0,ATLANTIC,,NAO
Middle East,Middle East,LOC,0.00000000,0.00000000,en,1.00000000,,6269133,L,33.13906,35.85869,EUROPE-AFRICA,Syria,MED
Atlantic season's,Atlantic season's,GPE,0.27500000,0.66666667,en,1.00000000,,0,,,,,,
Cayman,Cayman,GPE,-0.20000000,0.40000000,en,1.00000000,,0,,,,,,
National Oceanic,National Oceanic,LOC,0.00000000,0.00000000,en,1.00000000,,0,,,,,,
WMO,WMO,LOC,0.00000000,0.00000000,en,1.00000000,,0,,,,,,
TULUM,TULUM,GPE,0.16666667,0.33333333,en,1.00000000,,0,,,,,,
Tulum,Tulum,GPE,0.10000000,0.40000000,en,1.00000000,,3515039,S,20.21472,-87.42889,CENTRAL-AMERICA,Mexico,SCA
North Atlantic Ocean,North Atlantic Ocean,LOC,0.00000000,0.00000000,en,1.00000000,,0,,,,,,
Austin,Austin,GPE,-0.10000000,0.40000000,en,1.00000000,4079879-3,4671654,P,30.26715,-97.74306,NORTH-AMERICA,United States,CNA
Missouri,Missouri,GPE,0.00000000,0.00000000,en,1.00000000,,0,,,,,,
Illinois,Illinois,GPE,0.00000000,0.00000000,en,1.00000000,,0,,,,,,
Indiana,Indiana,GPE,0.00000000,0.00000000,en,1.00000000,,0,,,,,,
NORTH CAROLINA - SEPTEMBER,NORTH CAROLINA - SEPTEMBER,GPE,-0.20000000,0.50000000,en,1.00000000,,0,,,,,,
3rd Congressional District,3rd Congressional District,LOC,0.00000000,0.00000000,en,1.00000000,,0,,,,,,
Caicos,Caicos,GPE,0.22083333,0.56250000,en,1.00000000,,0,,,,,,
Tri-State,Tri-State,GPE,-0.20000000,0.50000000,en,1.00000000,,0,,,,,,
Cape Verde hurricanes,Cape Verde hurricanes,LOC,0.40000000,0.75000000,en,1.00000000,,0,,,,,,
the Atlantic Oceans,the Atlantic Oceans,LOC,0.25000000,0.33333333,en,1.00000000,,0,,,,,,
East Coast Hurricane Erin,East Coast Hurricane Erin,LOC,-0.18500000,0.56000000,en,1.00000000,,0,,,,,,
NC,NC,GPE,0.02169913,0.55844156,en,1.00000000,,0,,,,,,
NORTH CAROLINA,NORTH CAROLINA,GPE,-0.40000000,0.73333333,en,1.00000000,,0,,,,,,
North Car NORTH CAROLINA,North Car NORTH CAROLINA,LOC,-0.40000000,0.73333333,en,1.00000000,,0,,,,,,
Erin,Erin,LOC,0.00000000,0.00000000,en,1.00000000,,3042196,P,54.08487,-4.75099,EUROPE,Isle of Man,NEU
Next Atlantic,Next Atlantic,LOC,0.00000000,0.42000000,en,1.00000000,,0,,,,,,
expe,expe,GPE,0.00000000,0.40000000,en,1.00000000,,0,,,,,,
Tropical Storm Fernand,Tropical Storm Fernand,LOC,-0.25000000,0.40000000,en,1.00000000,,0,,,,,,
Typhoon Kajiki,Typhoon Kajiki,LOC,0.00000000,0.00000000,en,1.00000000,,0,,,,,,
eastern Pacific,eastern Pacific,LOC,-0.03181818,1.12727273,en,1.00000000,,0,,,,,,
the Pacific Coast,the Pacific Coast,LOC,0.00000000,0.70000000,en,1.00000000,,12212303,L,37.02332,-77.36954,NORTH-AMERICA,United States,ENA
Guinea,Guinea,GPE,0.00000000,0.00000000,en,1.00000000,,0,,,,,,
AUGUSTA,AUGUSTA,GPE,0.50000000,0.50000000,en,1.00000000,7669249-8,4957003,P,44.31062,-69.77949,NORTH-AMERICA,United States,ENA
the Atlantic Ocean’s,the Atlantic Ocean’s,LOC,-0.11111111,0.37777778,en,1.00000000,,0,,,,,,
USNPR N.C.,USNPR N.C.,GPE,0.07961310,0.42901786,en,1.00000000,,0,,,,,,
Augusta,Augusta,GPE,0.50000000,0.50000000,en,1.00000000,7669249-8,4957003,P,44.31062,-69.77949,NORTH-AMERICA,United States,ENA
Coney Island,Coney Island,GPE,0.13636364,0.45454545,en,1.00000000,,2965240,T,54.29861,-8.58778,EUROPE,Ireland,NEU
Anguilla,Anguilla,GPE,0.00000000,0.40000000,en,1.00000000,,0,,,,,,
St. Martin,St. Martin,GPE,0.30000000,1.00000000,en,1.00000000,,0,,,,,,
St. Barthelemy,St. Barthelemy,GPE,0.30000000,1.00000000,en,1.00000000,,0,,,,,,
Sint Maarten,Sint Maarten,GPE,0.30000000,1.00000000,en,1.00000000,,0,,,,,,
Puerto Rico Erin,Puerto Rico Erin,GPE,0.10000000,0.55000000,en,1.00000000,,0,,,,,,
the United States East Coast,the United States East Coast,GPE,-0.03000000,0.52666667,en,1.00000000,,0,,,,,,
Hatteras Island,Hatteras Island,GPE,-0.06250000,0.43750000,en,1.00000000,,4470217,T,35.40823,-75.48682,NORTH-AMERICA,United States,ENA
DARE COUNTY,DARE COUNTY,GPE,-0.06250000,0.43750000,en,1.00000000,,4477895,S,35.91741,-75.70013,NORTH-AMERICA,United States,ENA
Va.,Va.,GPE,-0.06250000,0.43750000,en,1.00000000,4015701-5,6255148,L,48.69096,9.14062,EUROPE,Germany,WCE
Central NC,Central NC,GPE,-0.15625000,0.46875000,en,1.00000000,,8030594,A,4.0,73.16667,INDIAN,Maldives,EIO
the Eastern Seaboard,the Eastern Seaboard,LOC,-0.15000000,0.25000000,en,1.00000000,,0,,,,,,
Hurricane Erin,Hurricane Erin,GPE,0.00000000,1.00000000,en,1.00000000,,0,,,,,,
Germanys,Germanys,GPE,-0.05000000,0.51250000,en,1.00000000,,4064033,R,32.9654,-85.6469,NORTH-AMERICA,United States,ENA
South…,South…,GPE,-0.05000000,0.51250000,en,1.00000000,,0,,,,,,
Hyde County,Hyde County,GPE,0.00000000,0.00000000,en,1.00000000,,-1,,,,,,
GEORGIA,GEORGIA,GPE,0.50000000,0.50000000,en,1.00000000,,-1,,,,,,
Track,Track,GPE,0.33333333,0.66666667,en,1.00000000,,-1,,,,,,
Pensacola,Pensacola,GPE,0.00000000,0.00000000,en,1.00000000,,0,,,,,,
Taiwa,Taiwa,GPE,-0.06666667,0.14166667,en,1.00000000,,0,,,,,,
Wedn,Wedn,GPE,-0.01250000,0.48750000,en,1.00000000,,0,,,,,,
Tropical Storm Humberto,Tropical Storm Humberto,LOC,-0.13500000,0.36000000,en,1.00000000,,0,,,,,,
Thursda,Thursda,GPE,0.00000000,0.00000000,en,1.00000000,,0,,,,,,
Southeastern coast,Southeastern coast,LOC,-0.10000000,0.10000000,en,1.00000000,,0,,,,,,
Myrtle Beach Hurricane,Myrtle Beach Hurricane,GPE,0.00000000,0.00000000,en,1.00000000,,0,,,,,,
Opong,Opong,GPE,0.11666667,0.21666667,en,1.00000000,,-1,,,,,,
Dela Paz,Dela Paz,GPE,0.11666667,0.21666667,en,1.00000000,,-1,,,,,,
Binan,Binan,GPE,0.11666667,0.21666667,en,1.00000000,,-1,,,,,,
Laguna province,Laguna province,GPE,0.11666667,0.21666667,en,1.00000000,,-1,,,,,,
the Southeast US,the Southeast US,LOC,0.00000000,1.00000000,en,1.00000000,,0,,,,,,
Atlantic Ocean Meteorologists,Atlantic Ocean Meteorologists,LOC,-0.13958333,0.51041667,en,1.00000000,,0,,,,,,
Brush Caribbean Beaches,Brush Caribbean Beaches,LOC,0.00000000,0.00000000,en,1.00000000,,-1,,,,,,
Southeast US,Southeast US,LOC,0.00000000,0.00000000,en,1.00000000,,0,,,,,,
DC,DC,GPE,0.05000000,0.15000000,en,1.00000000,,-1,,,,,,
Imelda,Imelda,GPE,0.00000000,0.00000000,en,1.00000000,,-1,,,,,,
the Northern Atlantic,the Northern Atlantic,LOC,0.00000000,0.00000000,en,1.00000000,,-1,,,,,,
Chinas,Chinas,GPE,-0.11166667,0.35833333,en,1.00000000,,0,,,,,,
Hong Kong Grounds Flights,Hong Kong Grounds Flights,GPE,0.33333333,0.66666667,en,1.00000000,,-1,,,,,,
SHENZHEN,SHENZHEN,GPE,-0.03333333,0.13333333,en,1.00000000,,0,,,,,,
Gabrielle,Gabrielle,GPE,-0.40000000,0.70000000,en,1.00000000,,0,,,,,,
South China,South China,LOC,0.33333333,0.66666667,en,1.00000000,,-1,,,,,,
Guangdong Province,Guangdong Province,GPE,0.00000000,0.00000000,en,1.00000000,,-1,,,,,,
Taiwanese Island,Taiwanese Island,LOC,0.36666667,0.78333333,en,1.00000000,,0,,,,,,
Orchid Island,Orchid Island,LOC,0.28666667,0.65333333,en,1.00000000,,0,,,,,,
Guangzhou,Guangzhou,GPE,0.50000000,0.90000000,en,1.00000000,,-1,,,,,,
Bay of Bengal,Bay of Bengal,LOC,0.33333333,0.66666667,en,1.00000000,,0,,,,,,
Kolkata,Kolkata,GPE,0.00000000,0.00000000,en,1.00000000,,0,,,,,,
Naples,Naples,GPE,0.00000000,0.00000000,en,1.00000000,,-1,,,,,,
Marco Island,Marco Island,GPE,0.00000000,0.00000000,en,1.00000000,,-1,,,,,,
superma,superma,GPE,0.29555556,0.59111111,en,1.00000000,,0,,,,,,
OpenAI,OpenAI,GPE,-0.20000000,0.30000000,en,1.00000000,,0,,,,,,
Hong Kong … Hong Kong,Hong Kong … Hong Kong,GPE,0.14444444,0.32222222,en,1.00000000,,0,,,,,,
Hong Kongs,Hong Kongs,GPE,0.05555556,0.27111111,en,1.00000000,,-1,,,,,,
HONG KONG Streets,HONG KONG Streets,GPE,-0.10000000,0.20000000,en,1.00000000,,-1,,,,,,
the Northern Leeward Islands,the Northern Leeward Islands,LOC,0.12500000,0.16666667,en,1.00000000,,0,,,,,,
East CoastTropical Storm Dexter,East CoastTropical Storm Dexter,LOC,-0.13333333,0.33333333,en,1.00000000,,0,,,,,,
St. Augustine,St. Augustine,GPE,0.03333333,0.06666667,en,1.00000000,,-1,,,,,,
Ningaloo,Ningaloo,GPE,0.00000000,0.00000000,en,1.00000000,,-1,,,,,,
Broome,Broome,GPE,0.00000000,0.00000000,en,1.00000000,,-1,,,,,,
Australian Coast,Australian Coast,LOC,0.00000000,0.00000000,en,1.00000000,,-1,,,,,,
West Australia's,West Australia's,GPE,-0.49000000,0.64000000,en,1.00000000,,-1,,,,,,
sydney,sydney,GPE,0.00000000,0.00000000,en,1.00000000,,0,,,,,,
Whim Creek,Whim Creek,GPE,0.00000000,0.00000000,en,1.00000000,,-1,,,,,,
Po…,Po…,GPE,0.80000000,0.90000000,en,1.00000000,,0,,,,,,
Australias west coast,Australias west coast,LOC,-0.20000000,0.50000000,en,1.00000000,,-1,,,,,,
Great Northern Highwa,Great Northern Highwa,GPE,0.80000000,0.75000000,en,1.00000000,,-1,,,,,,
the Wide Bay region,the Wide Bay region,LOC,0.00000000,0.70000000,en,1.00000000,,-1,,,,,,
French Indian Ocean,French Indian Ocean,LOC,0.00000000,0.00000000,en,1.00000000,,-1,,,,,,
MELBOURNE,MELBOURNE,GPE,0.00000000,0.00000000,en,1.00000000,,0,,,,,,
the Gold Coast,the Gold Coast,LOC,-0.02857143,0.44285714,en,1.00000000,,-1,,,,,,
Sunshine Coast,Sunshine Coast,LOC,-0.02857143,0.44285714,en,1.00000000,,-1,,,,,,
Eastern Australia,Eastern Australia,LOC,0.00000000,0.00000000,en,1.00000000,,-1,,,,,,
Queenslan,Queenslan,GPE,0.00476190,0.30952381,en,1.00000000,,-1,,,,,,
the Gulf of Carperntaria,the Gulf of Carperntaria,LOC,0.00000000,0.00000000,en,1.00000000,,0,,,,,,
Barrow Island,Barrow Island,LOC,0.00000000,0.00000000,en,1.00000000,,-1,,,,,,
the North Atlantic Ocean,the North Atlantic Ocean,LOC,0.12784091,0.33238636,en,1.00000000,,0,,,,,,
Sichuan,Sichuan,GPE,-0.10500000,0.18500000,en,1.00000000,,-1,,,,,,
Casper Planet,Casper Planet,LOC,-0.40000000,0.60000000,en,1.00000000,,-1,,,,,,
St Augustine,St Augustine,GPE,0.00277778,0.28055556,en,1.00000000,,-1,,,,,,
Project,Project,GPE,0.00000000,0.00000000,en,1.00000000,,-1,,,,,,
a Tropical Storm,a Tropical Storm,LOC,0.16666667,0.75000000,en,1.00000000,,-1,,,,,,
Augus,Augus,GPE,-0.04166667,0.12500000,en,1.00000000,,-1,,,,,,
Dallas,Dallas,GPE,0.00000000,0.29166667,en,1.00000000,,-1,,,,,,
Belize,Belize,GPE,0.00000000,0.00000000,en,1.00000000,,0,,,,,,
BEIJING,BEIJING,GPE,-0.03125000,0.25000000,en,1.00000000,,0,,,,,,
Latin America &amp,Latin America &amp,LOC,0.22500000,0.75000000,en,1.00000000,,0,,,,,,
HAVANA,HAVANA,GPE,0.00000000,0.00000000,en,1.00000000,,0,,,,,,
the U.S. Gulf,the U.S. Gulf,LOC,0.00000000,0.25000000,en,1.00000000,,0,,,,,,
San Juan,San Juan,GPE,-0.05000000,0.18333333,en,1.00000000,,-1,,,,,,
Tamil Nadu,Tamil Nadu,LOC,0.04166667,0.45833333,en,1.00000000,,0,,,,,,
Mada,Mada,GPE,-0.12500000,0.37500000,en,1.00000000,,-1,,,,,,
FRANCE,FRANCE,GPE,0.00000000,0.00000000,en,1.00000000,,-1,,,,,,
Eastern Coast,Eastern Coast,LOC,0.00000000,0.00000000,en,1.00000000,,0,,,,,,
Victoria,Victoria,GPE,-0.18750000,0.50000000,en,1.00000000,,-1,,,,,,
Dexter,Dexter,GPE,-0.13333333,0.60000000,en,1.00000000,,0,,,,,,
Eastern Pacific Ocean,Eastern Pacific Ocean,LOC,0.02500000,0.25000000,en,1.00000000,,-1,,,,,,
Tuxpan,Tuxpan,GPE,0.00000000,0.00000000,en,1.00000000,,-1,,,,,,
Tropical Storm Barry,Tropical Storm Barry,LOC,-0.15000000,0.30000000,en,1.00000000,,-1,,,,,,
the southeast coast,the southeast coast,LOC,0.00000000,0.00000000,en,1.00000000,,-1,,,,,,
Tokyo,Tokyo,GPE,0.01666667,1.36666667,en,1.00000000,,0,,,,,,
Drench Gulf Coast,Drench Gulf Coast,LOC,0.00000000,0.00000000,en,1.00000000,,-1,,,,,,
Alabama,Alabama,GPE,-0.05000000,0.55000000,en,1.00000000,,-1,,,,,,
Mac,Mac,GPE,0.03125000,0.25000000,en,1.00000000,,-1,,,,,,
Fort Myers Beach,Fort Myers Beach,GPE,-0.10000000,0.00000000,en,1.00000000,,-1,,,,,,
Jordan,Jordan,GPE,-0.10000000,0.25000000,en,1.00000000,,-1,,,,,,
the Gulf inland,the Gulf inland,LOC,-0.07500000,0.14166667,en,1.00000000,,-1,,,,,,
MEXICO,MEXICO,GPE,-0.10000000,0.40000000,en,1.00000000,,0,,,,,,
"Pacific
","Pacific
",GPE,0.00000000,0.00000000,en,1.00000000,,-1,,,,,,
Lee County,Lee County,GPE,0.00000000,0.00000000,en,1.00000000,,-1,,,,,,
South Carolin,South Carolin,LOC,-0.07500000,0.40000000,en,1.00000000,,-1,,,,,,
the Eastern United States,the Eastern United States,LOC,0.00000000,0.00000000,en,1.00000000,,-1,,,,,,
the Gulf's Bay of Campeche,the Gulf's Bay of Campeche,LOC,0.15000000,0.55000000,en,1.00000000,,-1,,,,,,
Manzanillo,Manzanillo,GPE,0.00000000,0.00000000,en,1.00000000,,-1,,,,,,
SA,SA,GPE,-0.18750000,0.50000000,en,1.00000000,,-1,,,,,,
Zihuatanejo,Zihuatanejo,GPE,0.00000000,0.00000000,en,1.00000000,,-1,,,,,,
the Adelaide Hills,the Adelaide Hills,LOC,0.00000000,0.00000000,en,1.00000000,,-1,,,,,,
Outback Queensland,Outback Queensland,GPE,-1.00000000,1.00000000,en,1.00000000,,-1,,,,,,
North Stradbroke,North Stradbroke,LOC,0.00000000,1.00000000,en,1.00000000,,-1,,,,,,
Minjerribah,Minjerribah,GPE,0.00000000,1.00000000,en,1.00000000,,-1,,,,,,
Moreton,Moreton,GPE,0.00000000,1.00000000,en,1.00000000,,-1,,,,,,
the Tweed Valley,the Tweed Valley,LOC,0.00000000,0.00000000,en,1.00000000,,-1,,,,,,
the Kimberley coast,the Kimberley coast,LOC,0.00000000,0.30000000,en,1.00000000,,0,,,,,,
Berkeley River,Berkeley River,LOC,0.20000000,0.20000000,en,1.00000000,,-1,,,,,,
Cockatoo Island,Cockatoo Island,LOC,0.20000000,0.20000000,en,1.00000000,,-1,,,,,,
Luftwaffe,Luftwaffe,GPE,0.15000000,0.47500000,en,1.00000000,,-1,,,,,,
Lismore NSW,Lismore NSW,GPE,0.00000000,0.00000000,en,1.00000000,,0,,,,,,
New South Waleswould,New South Waleswould,LOC,0.36753247,0.63344156,en,1.00000000,,-1,,,,,,
Resort Island,Resort Island,LOC,0.25000000,0.33333333,en,1.00000000,,0,,,,,,
Iran,Iran,GPE,0.25000000,0.67500000,en,1.00000000,,-1,,,,,,
Guatemala,Guatemala,GPE,-0.12500000,0.25000000,en,1.00000000,,0,,,,,,
Denpasar,Denpasar,GPE,0.00000000,0.00000000,en,1.00000000,,-1,,,,,,
